origin_path,detect_path,image_names,left_eye,right_eye,avg_eye,truth,detected
./testing/Mata/Terbuka/0001.jpg,./detect/Mata/Terbuka/0001.jpg,./testing/Mata/Terbuka/0001.jpg,0.2756918216396975,0.34874478149944466,0.3122183015695711,Terbuka,Terbuka
./testing/Mata/Terbuka/0002.jpg,./detect/Mata/Terbuka/0002.jpg,./testing/Mata/Terbuka/0002.jpg,0.2574079219423098,0.3341172575546399,0.29576258974847486,Terbuka,Terbuka
./testing/Mata/Terbuka/0003.jpg,./detect/Mata/Terbuka/0003.jpg,./testing/Mata/Terbuka/0003.jpg,0.2546126496647222,0.2206410251216673,0.23762683739319473,Terbuka,Tertutup
./testing/Mata/Terbuka/0004.jpg,./detect/Mata/Terbuka/0004.jpg,./testing/Mata/Terbuka/0004.jpg,0.29486602993917266,0.23683242667220808,0.26584922830569035,Terbuka,Terbuka
./testing/Mata/Terbuka/0005.jpg,./detect/Mata/Terbuka/0005.jpg,./testing/Mata/Terbuka/0005.jpg,0.29155500978066257,0.19301191024818282,0.2422834600144227,Terbuka,Terbuka
./testing/Mata/Terbuka/0006.jpg,./detect/Mata/Terbuka/0006.jpg,./testing/Mata/Terbuka/0006.jpg,0.3197583292241778,0.21767394511930063,0.2687161371717392,Terbuka,Terbuka
./testing/Mata/Terbuka/0007.jpg,./detect/Mata/Terbuka/0007.jpg,./testing/Mata/Terbuka/0007.jpg,0.2584966458802041,0.20720162774509165,0.23284913681264788,Terbuka,Tertutup
./testing/Mata/Terbuka/0008.jpg,./detect/Mata/Terbuka/0008.jpg,./testing/Mata/Terbuka/0008.jpg,0.1664555116471125,0.19661280462629713,0.18153415813670482,Terbuka,Tertutup
./testing/Mata/Terbuka/0009.jpg,./detect/Mata/Terbuka/0009.jpg,./testing/Mata/Terbuka/0009.jpg,0.20062691105765512,0.31719204488142944,0.2589094779695423,Terbuka,Terbuka
./testing/Mata/Terbuka/0010.jpg,./detect/Mata/Terbuka/0010.jpg,./testing/Mata/Terbuka/0010.jpg,0.2058138755227931,0.21343508194008984,0.20962447873144147,Terbuka,Tertutup
./testing/Mata/Terbuka/0012.jpg,./detect/Mata/Terbuka/0012.jpg,./testing/Mata/Terbuka/0012.jpg,0.2573355345235705,0.33855458707330033,0.2979450607984354,Terbuka,Terbuka
./testing/Mata/Terbuka/0013.jpg,./detect/Mata/Terbuka/0013.jpg,./testing/Mata/Terbuka/0013.jpg,0.1723430396871585,0.15622522923249704,0.16428413445982776,Terbuka,Tertutup
./testing/Mata/Terbuka/0014.jpg,./detect/Mata/Terbuka/0014.jpg,./testing/Mata/Terbuka/0014.jpg,0.24296623171581727,0.20315474360090485,0.22306048765836106,Terbuka,Tertutup
./testing/Mata/Terbuka/0015.jpg,./detect/Mata/Terbuka/0015.jpg,./testing/Mata/Terbuka/0015.jpg,0.29746712889418186,0.2511101956324674,0.2742886622633246,Terbuka,Terbuka
./testing/Mata/Terbuka/0016.jpg,./detect/Mata/Terbuka/0016.jpg,./testing/Mata/Terbuka/0016.jpg,0.19086135646456645,0.22658910469056617,0.2087252305775663,Terbuka,Tertutup
./testing/Mata/Terbuka/0017.jpg,./detect/Mata/Terbuka/0017.jpg,./testing/Mata/Terbuka/0017.jpg,0.17133218754085264,0.271628585946345,0.22148038674359882,Terbuka,Tertutup
./testing/Mata/Terbuka/0018.jpg,./detect/Mata/Terbuka/0018.jpg,./testing/Mata/Terbuka/0018.jpg,0.24866144886105332,0.2673344563371362,0.25799795259909475,Terbuka,Tertutup
./testing/Mata/Terbuka/0019.jpg,./detect/Mata/Terbuka/0019.jpg,./testing/Mata/Terbuka/0019.jpg,0.2858800525274965,0.3057261642426352,0.29580310838506585,Terbuka,Terbuka
./testing/Mata/Terbuka/0020.jpg,./detect/Mata/Terbuka/0020.jpg,./testing/Mata/Terbuka/0020.jpg,0.15541329092246958,0.17210864507922166,0.1637609680008456,Terbuka,Tertutup
./testing/Mata/Terbuka/0021.jpg,./detect/Mata/Terbuka/0021.jpg,./testing/Mata/Terbuka/0021.jpg,0.40264720140282684,0.36569607124901377,0.38417163632592033,Terbuka,Terbuka
,,,,,,,
./testing/Mata/Terbuka/0023.jpg,./detect/Mata/Terbuka/0023.jpg,./testing/Mata/Terbuka/0023.jpg,0.36222201383563435,0.26695256752577023,0.3145872906807023,Terbuka,Terbuka
./testing/Mata/Terbuka/0024.jpg,./detect/Mata/Terbuka/0024.jpg,./testing/Mata/Terbuka/0024.jpg,0.2612156879469889,0.29051838832577714,0.275867038136383,Terbuka,Terbuka
./testing/Mata/Terbuka/0025.jpg,./detect/Mata/Terbuka/0025.jpg,./testing/Mata/Terbuka/0025.jpg,0.21980705063867637,0.19811178544723979,0.2089594180429581,Terbuka,Tertutup
./testing/Mata/Terbuka/0026.jpg,./detect/Mata/Terbuka/0026.jpg,./testing/Mata/Terbuka/0026.jpg,0.23752427642900076,0.15001317521604857,0.19376872582252466,Terbuka,Tertutup
./testing/Mata/Terbuka/0027.jpg,./detect/Mata/Terbuka/0027.jpg,./testing/Mata/Terbuka/0027.jpg,0.30583377634638503,0.15591385587133114,0.2308738161088581,Terbuka,Terbuka
./testing/Mata/Terbuka/0028.jpg,./detect/Mata/Terbuka/0028.jpg,./testing/Mata/Terbuka/0028.jpg,0.26152909179244044,0.22089646553066233,0.24121277866155139,Terbuka,Tertutup
./testing/Mata/Terbuka/0029.jpg,./detect/Mata/Terbuka/0029.jpg,./testing/Mata/Terbuka/0029.jpg,0.24208996196300459,0.22711638544673962,0.2346031737048721,Terbuka,Tertutup
./testing/Mata/Terbuka/0030.jpg,./detect/Mata/Terbuka/0030.jpg,./testing/Mata/Terbuka/0030.jpg,0.2408551571813382,0.21320637906572415,0.22703076812353118,Terbuka,Tertutup
,,,,,,,
,,,,,,,
./testing/Mata/Terbuka/0033.jpg,./detect/Mata/Terbuka/0033.jpg,./testing/Mata/Terbuka/0033.jpg,0.20839477766056666,0.23996676137849635,0.2241807695195315,Terbuka,Tertutup
./testing/Mata/Terbuka/0034.jpg,./detect/Mata/Terbuka/0034.jpg,./testing/Mata/Terbuka/0034.jpg,0.33092405630052724,0.3844440364365285,0.3576840463685279,Terbuka,Terbuka
./testing/Mata/Terbuka/0035.jpg,./detect/Mata/Terbuka/0035.jpg,./testing/Mata/Terbuka/0035.jpg,0.38716658805231563,0.45745067456014604,0.42230863130623086,Terbuka,Terbuka
./testing/Mata/Terbuka/0036.jpg,./detect/Mata/Terbuka/0036.jpg,./testing/Mata/Terbuka/0036.jpg,0.38133882720154044,0.4598300683405191,0.42058444777102977,Terbuka,Terbuka
./testing/Mata/Terbuka/0037.jpg,./detect/Mata/Terbuka/0037.jpg,./testing/Mata/Terbuka/0037.jpg,0.33258233496517275,0.3974794991060219,0.3650309170355973,Terbuka,Terbuka
./testing/Mata/Terbuka/0038.jpg,./detect/Mata/Terbuka/0038.jpg,./testing/Mata/Terbuka/0038.jpg,0.3769016397679135,0.46325457135937714,0.42007810556364533,Terbuka,Terbuka
./testing/Mata/Terbuka/0039.jpg,./detect/Mata/Terbuka/0039.jpg,./testing/Mata/Terbuka/0039.jpg,0.3837065413048131,0.4759672333091094,0.42983688730696124,Terbuka,Terbuka
./testing/Mata/Terbuka/0040.jpg,./detect/Mata/Terbuka/0040.jpg,./testing/Mata/Terbuka/0040.jpg,0.38049051595026684,0.466226811131178,0.4233586635407224,Terbuka,Terbuka
./testing/Mata/Terbuka/0041.jpg,./detect/Mata/Terbuka/0041.jpg,./testing/Mata/Terbuka/0041.jpg,0.3623909403761303,0.4470160991901731,0.40470351978315167,Terbuka,Terbuka
./testing/Mata/Terbuka/0042.jpg,./detect/Mata/Terbuka/0042.jpg,./testing/Mata/Terbuka/0042.jpg,0.38002836380690264,0.4739144461944724,0.42697140500068753,Terbuka,Terbuka
./testing/Mata/Terbuka/0043.jpg,./detect/Mata/Terbuka/0043.jpg,./testing/Mata/Terbuka/0043.jpg,0.3872433271488496,0.4952836055612804,0.441263466355065,Terbuka,Terbuka
./testing/Mata/Terbuka/0044.jpg,./detect/Mata/Terbuka/0044.jpg,./testing/Mata/Terbuka/0044.jpg,0.3747049746531048,0.4769029716279048,0.4258039731405048,Terbuka,Terbuka
./testing/Mata/Terbuka/0045.jpg,./detect/Mata/Terbuka/0045.jpg,./testing/Mata/Terbuka/0045.jpg,0.35840027365882104,0.4377463768877347,0.3980733252732779,Terbuka,Terbuka
./testing/Mata/Terbuka/0046.jpg,./detect/Mata/Terbuka/0046.jpg,./testing/Mata/Terbuka/0046.jpg,0.34047539441075925,0.4245941956074795,0.38253479500911935,Terbuka,Terbuka
./testing/Mata/Terbuka/0047.jpg,./detect/Mata/Terbuka/0047.jpg,./testing/Mata/Terbuka/0047.jpg,0.32146206558663876,0.40990801702315033,0.36568504130489454,Terbuka,Terbuka
./testing/Mata/Terbuka/0048.jpg,./detect/Mata/Terbuka/0048.jpg,./testing/Mata/Terbuka/0048.jpg,0.39655974173678243,0.5076456683752031,0.45210270505599276,Terbuka,Terbuka
./testing/Mata/Terbuka/0049.jpg,./detect/Mata/Terbuka/0049.jpg,./testing/Mata/Terbuka/0049.jpg,0.3467469397685362,0.42275157750962067,0.38474925863907844,Terbuka,Terbuka
./testing/Mata/Terbuka/0050.jpg,./detect/Mata/Terbuka/0050.jpg,./testing/Mata/Terbuka/0050.jpg,0.3438039995943701,0.4309551946828877,0.3873795971386289,Terbuka,Terbuka
./testing/Mata/Terbuka/0051.jpg,./detect/Mata/Terbuka/0051.jpg,./testing/Mata/Terbuka/0051.jpg,0.3408915513860146,0.4353370112277992,0.38811428130690695,Terbuka,Terbuka
./testing/Mata/Terbuka/0052.jpg,./detect/Mata/Terbuka/0052.jpg,./testing/Mata/Terbuka/0052.jpg,0.36506979404026313,0.46551209193522497,0.41529094298774405,Terbuka,Terbuka
./testing/Mata/Terbuka/0053.jpg,./detect/Mata/Terbuka/0053.jpg,./testing/Mata/Terbuka/0053.jpg,0.37707296207591373,0.48475292122390046,0.4309129416499071,Terbuka,Terbuka
./testing/Mata/Terbuka/0054.jpg,./detect/Mata/Terbuka/0054.jpg,./testing/Mata/Terbuka/0054.jpg,0.3656266117524622,0.4551831786026228,0.41040489517754253,Terbuka,Terbuka
./testing/Mata/Terbuka/0055.jpg,./detect/Mata/Terbuka/0055.jpg,./testing/Mata/Terbuka/0055.jpg,0.3692444060394401,0.4657600481188963,0.4175022270791682,Terbuka,Terbuka
./testing/Mata/Terbuka/0056.jpg,./detect/Mata/Terbuka/0056.jpg,./testing/Mata/Terbuka/0056.jpg,0.37697603466595525,0.4711604272196343,0.4240682309427948,Terbuka,Terbuka
./testing/Mata/Terbuka/0057.jpg,./detect/Mata/Terbuka/0057.jpg,./testing/Mata/Terbuka/0057.jpg,0.3914065433045398,0.48224529191691884,0.4368259176107293,Terbuka,Terbuka
./testing/Mata/Terbuka/0058.jpg,./detect/Mata/Terbuka/0058.jpg,./testing/Mata/Terbuka/0058.jpg,0.4040843370024199,0.49447481029339935,0.4492795736479096,Terbuka,Terbuka
./testing/Mata/Terbuka/0059.jpg,./detect/Mata/Terbuka/0059.jpg,./testing/Mata/Terbuka/0059.jpg,0.3892602976798677,0.4837894978865156,0.43652489778319165,Terbuka,Terbuka
./testing/Mata/Terbuka/0060.jpg,./detect/Mata/Terbuka/0060.jpg,./testing/Mata/Terbuka/0060.jpg,0.3725970141859213,0.463659755748012,0.41812838496696664,Terbuka,Terbuka
./testing/Mata/Terbuka/0061.jpg,./detect/Mata/Terbuka/0061.jpg,./testing/Mata/Terbuka/0061.jpg,0.39366009617227465,0.4857167932260516,0.43968844469916313,Terbuka,Terbuka
./testing/Mata/Terbuka/0062.jpg,./detect/Mata/Terbuka/0062.jpg,./testing/Mata/Terbuka/0062.jpg,0.37179820325555585,0.448744935013015,0.4102715691342854,Terbuka,Terbuka
./testing/Mata/Terbuka/0063.jpg,./detect/Mata/Terbuka/0063.jpg,./testing/Mata/Terbuka/0063.jpg,0.3768833950714915,0.44607243820290077,0.41147791663719613,Terbuka,Terbuka
./testing/Mata/Terbuka/0064.jpg,./detect/Mata/Terbuka/0064.jpg,./testing/Mata/Terbuka/0064.jpg,0.36701846647814723,0.43322717184506476,0.40012281916160597,Terbuka,Terbuka
./testing/Mata/Terbuka/0065.jpg,./detect/Mata/Terbuka/0065.jpg,./testing/Mata/Terbuka/0065.jpg,0.38298768296189245,0.4593526454100586,0.4211701641859755,Terbuka,Terbuka
./testing/Mata/Terbuka/0066.jpg,./detect/Mata/Terbuka/0066.jpg,./testing/Mata/Terbuka/0066.jpg,0.3855862683112551,0.44460479138109016,0.4150955298461726,Terbuka,Terbuka
./testing/Mata/Terbuka/0067.jpg,./detect/Mata/Terbuka/0067.jpg,./testing/Mata/Terbuka/0067.jpg,0.35867258653444,0.4195083067816762,0.38909044665805814,Terbuka,Terbuka
./testing/Mata/Terbuka/0068.jpg,./detect/Mata/Terbuka/0068.jpg,./testing/Mata/Terbuka/0068.jpg,0.35519129037543573,0.4047600487827562,0.37997566957909595,Terbuka,Terbuka
./testing/Mata/Terbuka/0069.jpg,./detect/Mata/Terbuka/0069.jpg,./testing/Mata/Terbuka/0069.jpg,0.3828287412880218,0.44735440333032284,0.4150915723091723,Terbuka,Terbuka
./testing/Mata/Terbuka/0070.jpg,./detect/Mata/Terbuka/0070.jpg,./testing/Mata/Terbuka/0070.jpg,0.35425714908720113,0.42333856076041393,0.38879785492380753,Terbuka,Terbuka
./testing/Mata/Terbuka/0071.jpg,./detect/Mata/Terbuka/0071.jpg,./testing/Mata/Terbuka/0071.jpg,0.380294516010699,0.42673595342163223,0.4035152347161656,Terbuka,Terbuka
./testing/Mata/Terbuka/0072.jpg,./detect/Mata/Terbuka/0072.jpg,./testing/Mata/Terbuka/0072.jpg,0.3129869122755728,0.3574044243369206,0.3351956683062467,Terbuka,Terbuka
./testing/Mata/Terbuka/0073.jpg,./detect/Mata/Terbuka/0073.jpg,./testing/Mata/Terbuka/0073.jpg,0.3988541916475374,0.46951754099543974,0.4341858663214886,Terbuka,Terbuka
./testing/Mata/Terbuka/0074.jpg,./detect/Mata/Terbuka/0074.jpg,./testing/Mata/Terbuka/0074.jpg,0.39362117204759545,0.46782900392738647,0.430725087987491,Terbuka,Terbuka
./testing/Mata/Terbuka/0075.jpg,./detect/Mata/Terbuka/0075.jpg,./testing/Mata/Terbuka/0075.jpg,0.3615690778874505,0.4215300036287394,0.39154954075809495,Terbuka,Terbuka
./testing/Mata/Terbuka/0076.jpg,./detect/Mata/Terbuka/0076.jpg,./testing/Mata/Terbuka/0076.jpg,0.33711076005957263,0.39483350434027176,0.3659721321999222,Terbuka,Terbuka
./testing/Mata/Terbuka/0077.jpg,./detect/Mata/Terbuka/0077.jpg,./testing/Mata/Terbuka/0077.jpg,0.3575849527780224,0.4301305086943826,0.39385773073620245,Terbuka,Terbuka
./testing/Mata/Terbuka/0078.jpg,./detect/Mata/Terbuka/0078.jpg,./testing/Mata/Terbuka/0078.jpg,0.3529553762984458,0.4349171111015171,0.3939362436999815,Terbuka,Terbuka
./testing/Mata/Terbuka/0079.jpg,./detect/Mata/Terbuka/0079.jpg,./testing/Mata/Terbuka/0079.jpg,0.3427602139721905,0.42200491566289244,0.38238256481754146,Terbuka,Terbuka
./testing/Mata/Terbuka/0080.jpg,./detect/Mata/Terbuka/0080.jpg,./testing/Mata/Terbuka/0080.jpg,0.3907266841999483,0.48502167530791607,0.43787417975393217,Terbuka,Terbuka
./testing/Mata/Terbuka/0081.jpg,./detect/Mata/Terbuka/0081.jpg,./testing/Mata/Terbuka/0081.jpg,0.3547436824867472,0.4354427431309049,0.39509321280882603,Terbuka,Terbuka
./testing/Mata/Terbuka/0082.jpg,./detect/Mata/Terbuka/0082.jpg,./testing/Mata/Terbuka/0082.jpg,0.3712813967434179,0.4557684965212177,0.4135249466323178,Terbuka,Terbuka
./testing/Mata/Terbuka/0083.jpg,./detect/Mata/Terbuka/0083.jpg,./testing/Mata/Terbuka/0083.jpg,0.37513115022741916,0.475821559385566,0.4254763548064926,Terbuka,Terbuka
./testing/Mata/Terbuka/0084.jpg,./detect/Mata/Terbuka/0084.jpg,./testing/Mata/Terbuka/0084.jpg,0.4071442304321063,0.514318448478537,0.46073133945532163,Terbuka,Terbuka
./testing/Mata/Terbuka/0085.jpg,./detect/Mata/Terbuka/0085.jpg,./testing/Mata/Terbuka/0085.jpg,0.34949779185658864,0.4417147337609659,0.3956062628087773,Terbuka,Terbuka
./testing/Mata/Terbuka/0086.jpg,./detect/Mata/Terbuka/0086.jpg,./testing/Mata/Terbuka/0086.jpg,0.3758846909965464,0.46986484917462573,0.42287477008558605,Terbuka,Terbuka
./testing/Mata/Terbuka/0087.jpg,./detect/Mata/Terbuka/0087.jpg,./testing/Mata/Terbuka/0087.jpg,0.3575700313684726,0.4470183368762226,0.40229418412234763,Terbuka,Terbuka
./testing/Mata/Terbuka/0088.jpg,./detect/Mata/Terbuka/0088.jpg,./testing/Mata/Terbuka/0088.jpg,0.3563680939829257,0.44398114112226217,0.4001746175525939,Terbuka,Terbuka
./testing/Mata/Terbuka/0089.jpg,./detect/Mata/Terbuka/0089.jpg,./testing/Mata/Terbuka/0089.jpg,0.28896638766941657,0.31348015832169457,0.30122327299555557,Terbuka,Terbuka
./testing/Mata/Terbuka/0090.jpg,./detect/Mata/Terbuka/0090.jpg,./testing/Mata/Terbuka/0090.jpg,0.35160389241625467,0.3605212994834712,0.35606259594986295,Terbuka,Terbuka
./testing/Mata/Terbuka/0091.jpg,./detect/Mata/Terbuka/0091.jpg,./testing/Mata/Terbuka/0091.jpg,0.3274400043964624,0.31416146835763836,0.3208007363770504,Terbuka,Terbuka
./testing/Mata/Terbuka/0092.jpg,./detect/Mata/Terbuka/0092.jpg,./testing/Mata/Terbuka/0092.jpg,0.32502771886422094,0.27639199964846933,0.30070985925634514,Terbuka,Terbuka
,,,,,,,
./testing/Mata/Terbuka/0094.jpg,./detect/Mata/Terbuka/0094.jpg,./testing/Mata/Terbuka/0094.jpg,0.2851927926146906,0.2975708557499312,0.2913818241823109,Terbuka,Terbuka
./testing/Mata/Terbuka/0095.jpg,./detect/Mata/Terbuka/0095.jpg,./testing/Mata/Terbuka/0095.jpg,0.313822888402523,0.3080845478617138,0.31095371813211836,Terbuka,Terbuka
./testing/Mata/Terbuka/0096.jpg,./detect/Mata/Terbuka/0096.jpg,./testing/Mata/Terbuka/0096.jpg,0.34760032657973505,0.33241006078005947,0.34000519367989723,Terbuka,Terbuka
./testing/Mata/Terbuka/0097.jpg,./detect/Mata/Terbuka/0097.jpg,./testing/Mata/Terbuka/0097.jpg,0.2943296940259702,0.27586062569530495,0.2850951598606376,Terbuka,Terbuka
./testing/Mata/Terbuka/0098.jpg,./detect/Mata/Terbuka/0098.jpg,./testing/Mata/Terbuka/0098.jpg,0.2967114539359791,0.2421992690081666,0.26945536147207283,Terbuka,Terbuka
./testing/Mata/Terbuka/0099.jpg,./detect/Mata/Terbuka/0099.jpg,./testing/Mata/Terbuka/0099.jpg,0.3023522900977376,0.2574370719006976,0.2798946809992176,Terbuka,Terbuka
./testing/Mata/Terbuka/0100.jpg,./detect/Mata/Terbuka/0100.jpg,./testing/Mata/Terbuka/0100.jpg,0.2760658690964224,0.2641173846425489,0.2700916268694856,Terbuka,Tertutup
./testing/Mata/Terbuka/0101.jpg,./detect/Mata/Terbuka/0101.jpg,./testing/Mata/Terbuka/0101.jpg,0.28607231740903977,0.5100366023818936,0.39805445989546673,Terbuka,Terbuka
./testing/Mata/Terbuka/0102.jpg,./detect/Mata/Terbuka/0102.jpg,./testing/Mata/Terbuka/0102.jpg,0.3591739994480411,0.6649296562136356,0.5120518278308384,Terbuka,Terbuka
./testing/Mata/Terbuka/0103.jpg,./detect/Mata/Terbuka/0103.jpg,./testing/Mata/Terbuka/0103.jpg,0.31701809893553506,0.5407732224149023,0.42889566067521867,Terbuka,Terbuka
./testing/Mata/Terbuka/0104.jpg,./detect/Mata/Terbuka/0104.jpg,./testing/Mata/Terbuka/0104.jpg,0.30881737182763597,0.532425694063695,0.4206215329456655,Terbuka,Terbuka
./testing/Mata/Terbuka/0105.jpg,./detect/Mata/Terbuka/0105.jpg,./testing/Mata/Terbuka/0105.jpg,0.3153185725459851,0.546627362484053,0.430972967515019,Terbuka,Terbuka
./testing/Mata/Terbuka/0106.jpg,./detect/Mata/Terbuka/0106.jpg,./testing/Mata/Terbuka/0106.jpg,0.30528107653042214,0.5029941312772673,0.40413760390384473,Terbuka,Terbuka
./testing/Mata/Terbuka/0107.jpg,./detect/Mata/Terbuka/0107.jpg,./testing/Mata/Terbuka/0107.jpg,0.31575205999041106,0.5370195698813165,0.4263858149358638,Terbuka,Terbuka
./testing/Mata/Terbuka/0108.jpg,./detect/Mata/Terbuka/0108.jpg,./testing/Mata/Terbuka/0108.jpg,0.31810181462416093,0.5278616544843717,0.42298173455426635,Terbuka,Terbuka
./testing/Mata/Terbuka/0109.jpg,./detect/Mata/Terbuka/0109.jpg,./testing/Mata/Terbuka/0109.jpg,0.3053735571483455,0.5090899134121949,0.40723173528027024,Terbuka,Terbuka
./testing/Mata/Terbuka/0110.jpg,./detect/Mata/Terbuka/0110.jpg,./testing/Mata/Terbuka/0110.jpg,0.3304876817453079,0.5317053996574208,0.4310965407013644,Terbuka,Terbuka
./testing/Mata/Terbuka/0111.jpg,./detect/Mata/Terbuka/0111.jpg,./testing/Mata/Terbuka/0111.jpg,0.3418571231241192,0.5223584437588685,0.43210778344149386,Terbuka,Terbuka
./testing/Mata/Terbuka/0112.jpg,./detect/Mata/Terbuka/0112.jpg,./testing/Mata/Terbuka/0112.jpg,0.29182240013227456,0.3922080635320705,0.34201523183217253,Terbuka,Terbuka
./testing/Mata/Terbuka/0113.jpg,./detect/Mata/Terbuka/0113.jpg,./testing/Mata/Terbuka/0113.jpg,0.2944202830250779,0.3901619699242857,0.3422911264746818,Terbuka,Terbuka
./testing/Mata/Terbuka/0114.jpg,./detect/Mata/Terbuka/0114.jpg,./testing/Mata/Terbuka/0114.jpg,0.2818229020434583,0.35973827929573937,0.32078059066959885,Terbuka,Terbuka
./testing/Mata/Terbuka/0115.jpg,./detect/Mata/Terbuka/0115.jpg,./testing/Mata/Terbuka/0115.jpg,0.30414374463206584,0.40177204834675945,0.35295789648941267,Terbuka,Terbuka
./testing/Mata/Terbuka/0116.jpg,./detect/Mata/Terbuka/0116.jpg,./testing/Mata/Terbuka/0116.jpg,0.3037595550355479,0.3733359808182842,0.33854776792691604,Terbuka,Terbuka
./testing/Mata/Terbuka/0117.jpg,./detect/Mata/Terbuka/0117.jpg,./testing/Mata/Terbuka/0117.jpg,0.2925808907204555,0.348045351081926,0.3203131209011908,Terbuka,Terbuka
./testing/Mata/Terbuka/0118.jpg,./detect/Mata/Terbuka/0118.jpg,./testing/Mata/Terbuka/0118.jpg,0.23324997394839447,0.28724895376475973,0.2602494638565771,Terbuka,Tertutup
./testing/Mata/Terbuka/0119.jpg,./detect/Mata/Terbuka/0119.jpg,./testing/Mata/Terbuka/0119.jpg,0.3738412408033346,0.4238626119959805,0.39885192639965755,Terbuka,Terbuka
./testing/Mata/Terbuka/0120.jpg,./detect/Mata/Terbuka/0120.jpg,./testing/Mata/Terbuka/0120.jpg,0.37301574302466767,0.4279348550453445,0.4004752990350061,Terbuka,Terbuka
./testing/Mata/Terbuka/0121.jpg,./detect/Mata/Terbuka/0121.jpg,./testing/Mata/Terbuka/0121.jpg,0.2677328991949923,0.282884465946194,0.27530868257059316,Terbuka,Tertutup
./testing/Mata/Terbuka/0122.jpg,./detect/Mata/Terbuka/0122.jpg,./testing/Mata/Terbuka/0122.jpg,0.29144446308076905,0.3058125619165275,0.2986285124986483,Terbuka,Terbuka
./testing/Mata/Terbuka/0123.jpg,./detect/Mata/Terbuka/0123.jpg,./testing/Mata/Terbuka/0123.jpg,0.3289929787997229,0.33769163467681734,0.33334230673827014,Terbuka,Terbuka
./testing/Mata/Terbuka/0124.jpg,./detect/Mata/Terbuka/0124.jpg,./testing/Mata/Terbuka/0124.jpg,0.2744935801665054,0.2808111139795159,0.2776523470730107,Terbuka,Tertutup
./testing/Mata/Terbuka/0125.jpg,./detect/Mata/Terbuka/0125.jpg,./testing/Mata/Terbuka/0125.jpg,0.32275953345961855,0.3271444327562971,0.3249519831079578,Terbuka,Terbuka
./testing/Mata/Terbuka/0126.jpg,./detect/Mata/Terbuka/0126.jpg,./testing/Mata/Terbuka/0126.jpg,0.33843319210695133,0.3379507663777701,0.3381919792423607,Terbuka,Terbuka
./testing/Mata/Terbuka/0127.jpg,./detect/Mata/Terbuka/0127.jpg,./testing/Mata/Terbuka/0127.jpg,0.3522550988734788,0.3572096176054137,0.35473235823944627,Terbuka,Terbuka
./testing/Mata/Terbuka/0128.jpg,./detect/Mata/Terbuka/0128.jpg,./testing/Mata/Terbuka/0128.jpg,0.29492292655450736,0.29544866768899525,0.2951857971217513,Terbuka,Terbuka
./testing/Mata/Terbuka/0129.jpg,./detect/Mata/Terbuka/0129.jpg,./testing/Mata/Terbuka/0129.jpg,0.27460767647327355,0.25969651781854064,0.2671520971459071,Terbuka,Tertutup
./testing/Mata/Terbuka/0130.jpg,./detect/Mata/Terbuka/0130.jpg,./testing/Mata/Terbuka/0130.jpg,0.3134989986922763,0.2990428099078955,0.3062709043000859,Terbuka,Terbuka
./testing/Mata/Terbuka/0131.jpg,./detect/Mata/Terbuka/0131.jpg,./testing/Mata/Terbuka/0131.jpg,0.3436289550595694,0.31187997881689733,0.3277544669382334,Terbuka,Terbuka
./testing/Mata/Terbuka/0132.jpg,./detect/Mata/Terbuka/0132.jpg,./testing/Mata/Terbuka/0132.jpg,0.39218048598149335,0.3377136135859125,0.36494704978370296,Terbuka,Terbuka
./testing/Mata/Terbuka/0133.jpg,./detect/Mata/Terbuka/0133.jpg,./testing/Mata/Terbuka/0133.jpg,0.33887468562226836,0.28167773737655755,0.310276211499413,Terbuka,Terbuka
./testing/Mata/Terbuka/0134.jpg,./detect/Mata/Terbuka/0134.jpg,./testing/Mata/Terbuka/0134.jpg,0.31709378568066093,0.2543129847755045,0.2857033852280827,Terbuka,Terbuka
./testing/Mata/Terbuka/0135.jpg,./detect/Mata/Terbuka/0135.jpg,./testing/Mata/Terbuka/0135.jpg,0.3061697387973717,0.2633442546841617,0.2847569967407667,Terbuka,Terbuka
./testing/Mata/Terbuka/0136.jpg,./detect/Mata/Terbuka/0136.jpg,./testing/Mata/Terbuka/0136.jpg,0.3971394489048063,0.3169239023511857,0.357031675627996,Terbuka,Terbuka
./testing/Mata/Terbuka/0137.jpg,./detect/Mata/Terbuka/0137.jpg,./testing/Mata/Terbuka/0137.jpg,0.30227876021230166,0.24930114088265848,0.27578995054748007,Terbuka,Terbuka
./testing/Mata/Terbuka/0138.jpg,./detect/Mata/Terbuka/0138.jpg,./testing/Mata/Terbuka/0138.jpg,0.3020463103222348,0.28021560290054304,0.2911309566113889,Terbuka,Terbuka
./testing/Mata/Terbuka/0139.jpg,./detect/Mata/Terbuka/0139.jpg,./testing/Mata/Terbuka/0139.jpg,0.3525805046737819,0.3521152915309825,0.3523478981023822,Terbuka,Terbuka
./testing/Mata/Terbuka/0140.jpg,./detect/Mata/Terbuka/0140.jpg,./testing/Mata/Terbuka/0140.jpg,0.2697160378651582,0.3966968974706503,0.33320646766790424,Terbuka,Terbuka
./testing/Mata/Terbuka/0141.jpg,./detect/Mata/Terbuka/0141.jpg,./testing/Mata/Terbuka/0141.jpg,0.3191379444767882,0.4622803443562661,0.39070914441652715,Terbuka,Terbuka
./testing/Mata/Terbuka/0142.jpg,./detect/Mata/Terbuka/0142.jpg,./testing/Mata/Terbuka/0142.jpg,0.3415953925122176,0.5112235362760168,0.4264094643941172,Terbuka,Terbuka
./testing/Mata/Terbuka/0143.jpg,./detect/Mata/Terbuka/0143.jpg,./testing/Mata/Terbuka/0143.jpg,0.3450795439552447,0.5275906198204183,0.43633508188783154,Terbuka,Terbuka
./testing/Mata/Terbuka/0144.jpg,./detect/Mata/Terbuka/0144.jpg,./testing/Mata/Terbuka/0144.jpg,0.34889188011914063,0.5343940227858766,0.4416429514525086,Terbuka,Terbuka
./testing/Mata/Terbuka/0145.jpg,./detect/Mata/Terbuka/0145.jpg,./testing/Mata/Terbuka/0145.jpg,0.31802755594547377,0.4818313694326535,0.3999294626890636,Terbuka,Terbuka
./testing/Mata/Terbuka/0146.jpg,./detect/Mata/Terbuka/0146.jpg,./testing/Mata/Terbuka/0146.jpg,0.3348918046214687,0.49874036635369384,0.4168160854875813,Terbuka,Terbuka
./testing/Mata/Terbuka/0147.jpg,./detect/Mata/Terbuka/0147.jpg,./testing/Mata/Terbuka/0147.jpg,0.33545395401440026,0.5213015201610876,0.4283777370877439,Terbuka,Terbuka
./testing/Mata/Terbuka/0148.jpg,./detect/Mata/Terbuka/0148.jpg,./testing/Mata/Terbuka/0148.jpg,0.3272278765917491,0.5536018009036588,0.440414838747704,Terbuka,Terbuka
./testing/Mata/Terbuka/0149.jpg,./detect/Mata/Terbuka/0149.jpg,./testing/Mata/Terbuka/0149.jpg,0.271184142587326,0.5095412470216717,0.3903626948044988,Terbuka,Terbuka
./testing/Mata/Terbuka/0150.jpg,./detect/Mata/Terbuka/0150.jpg,./testing/Mata/Terbuka/0150.jpg,0.2921116168259974,0.49757284501858806,0.39484223092229276,Terbuka,Terbuka
./testing/Mata/Terbuka/0151.jpg,./detect/Mata/Terbuka/0151.jpg,./testing/Mata/Terbuka/0151.jpg,0.24841263837662447,0.4205082226810016,0.334460430528813,Terbuka,Terbuka
./testing/Mata/Terbuka/0152.jpg,./detect/Mata/Terbuka/0152.jpg,./testing/Mata/Terbuka/0152.jpg,0.2783487283859086,0.42958699456828847,0.3539678614770985,Terbuka,Terbuka
./testing/Mata/Terbuka/0153.jpg,./detect/Mata/Terbuka/0153.jpg,./testing/Mata/Terbuka/0153.jpg,0.2884708807099729,0.4678392731157434,0.37815507691285816,Terbuka,Terbuka
./testing/Mata/Terbuka/0154.jpg,./detect/Mata/Terbuka/0154.jpg,./testing/Mata/Terbuka/0154.jpg,0.2668291206922976,0.4217541312884865,0.34429162599039204,Terbuka,Terbuka
./testing/Mata/Terbuka/0155.jpg,./detect/Mata/Terbuka/0155.jpg,./testing/Mata/Terbuka/0155.jpg,0.2731797779359921,0.40298417629536404,0.33808197711567806,Terbuka,Terbuka
./testing/Mata/Terbuka/0156.jpg,./detect/Mata/Terbuka/0156.jpg,./testing/Mata/Terbuka/0156.jpg,0.2921823537855384,0.4417011171979444,0.3669417354917414,Terbuka,Terbuka
./testing/Mata/Terbuka/0157.jpg,./detect/Mata/Terbuka/0157.jpg,./testing/Mata/Terbuka/0157.jpg,0.2688911161049351,0.39224905257994613,0.3305700843424406,Terbuka,Terbuka
./testing/Mata/Terbuka/0158.jpg,./detect/Mata/Terbuka/0158.jpg,./testing/Mata/Terbuka/0158.jpg,0.2838686372845878,0.4267919299768463,0.35533028363071706,Terbuka,Terbuka
./testing/Mata/Terbuka/0159.jpg,./detect/Mata/Terbuka/0159.jpg,./testing/Mata/Terbuka/0159.jpg,0.28131166406811625,0.44787944960371445,0.3645955568359154,Terbuka,Terbuka
./testing/Mata/Terbuka/0160.jpg,./detect/Mata/Terbuka/0160.jpg,./testing/Mata/Terbuka/0160.jpg,0.3140296160269103,0.49854058661706585,0.4062851013219881,Terbuka,Terbuka
./testing/Mata/Terbuka/0161.jpg,./detect/Mata/Terbuka/0161.jpg,./testing/Mata/Terbuka/0161.jpg,0.3182312511104378,0.4660014489743765,0.3921163500424072,Terbuka,Terbuka
./testing/Mata/Terbuka/0162.jpg,./detect/Mata/Terbuka/0162.jpg,./testing/Mata/Terbuka/0162.jpg,0.2498791467186827,0.36427033154244676,0.3070747391305647,Terbuka,Terbuka
./testing/Mata/Terbuka/0163.jpg,./detect/Mata/Terbuka/0163.jpg,./testing/Mata/Terbuka/0163.jpg,0.2646846852230893,0.371492761300504,0.31808872326179666,Terbuka,Terbuka
./testing/Mata/Terbuka/0164.jpg,./detect/Mata/Terbuka/0164.jpg,./testing/Mata/Terbuka/0164.jpg,0.27081133124235235,0.36072063963955797,0.31576598544095513,Terbuka,Terbuka
./testing/Mata/Terbuka/0165.jpg,./detect/Mata/Terbuka/0165.jpg,./testing/Mata/Terbuka/0165.jpg,0.22461926804316018,0.2741939625701775,0.24940661530666883,Terbuka,Tertutup
./testing/Mata/Terbuka/0166.jpg,./detect/Mata/Terbuka/0166.jpg,./testing/Mata/Terbuka/0166.jpg,0.2943731135614511,0.2969655346182617,0.2956693240898564,Terbuka,Terbuka
./testing/Mata/Terbuka/0167.jpg,./detect/Mata/Terbuka/0167.jpg,./testing/Mata/Terbuka/0167.jpg,0.28842157606790403,0.2883079688576109,0.2883647724627575,Terbuka,Tertutup
./testing/Mata/Terbuka/0168.jpg,./detect/Mata/Terbuka/0168.jpg,./testing/Mata/Terbuka/0168.jpg,0.23932961103437986,0.22265860589493314,0.2309941084646565,Terbuka,Tertutup
./testing/Mata/Terbuka/0169.jpg,./detect/Mata/Terbuka/0169.jpg,./testing/Mata/Terbuka/0169.jpg,0.2927652706678138,0.2642120770771238,0.2784886738724688,Terbuka,Terbuka
./testing/Mata/Terbuka/0170.jpg,./detect/Mata/Terbuka/0170.jpg,./testing/Mata/Terbuka/0170.jpg,0.31274791443344835,0.2688853434081425,0.2908166289207954,Terbuka,Terbuka
./testing/Mata/Terbuka/0171.jpg,./detect/Mata/Terbuka/0171.jpg,./testing/Mata/Terbuka/0171.jpg,0.23524022006913606,0.20763851115447568,0.22143936561180588,Terbuka,Tertutup
./testing/Mata/Terbuka/0172.jpg,./detect/Mata/Terbuka/0172.jpg,./testing/Mata/Terbuka/0172.jpg,0.24708302335884194,0.2161471293660329,0.23161507636243742,Terbuka,Tertutup
./testing/Mata/Terbuka/0173.jpg,./detect/Mata/Terbuka/0173.jpg,./testing/Mata/Terbuka/0173.jpg,0.30260829754121826,0.262185660188387,0.28239697886480264,Terbuka,Terbuka
./testing/Mata/Terbuka/0174.jpg,./detect/Mata/Terbuka/0174.jpg,./testing/Mata/Terbuka/0174.jpg,0.30356293198070605,0.26664356198914596,0.285103246984926,Terbuka,Terbuka
./testing/Mata/Terbuka/0175.jpg,./detect/Mata/Terbuka/0175.jpg,./testing/Mata/Terbuka/0175.jpg,0.2958330038818294,0.2640996841539293,0.27996634401787934,Terbuka,Terbuka
./testing/Mata/Terbuka/0176.jpg,./detect/Mata/Terbuka/0176.jpg,./testing/Mata/Terbuka/0176.jpg,0.2881908224884283,0.26007076522634137,0.2741307938573848,Terbuka,Tertutup
./testing/Mata/Terbuka/0177.jpg,./detect/Mata/Terbuka/0177.jpg,./testing/Mata/Terbuka/0177.jpg,0.2894470154050964,0.2557464123966044,0.2725967139008504,Terbuka,Tertutup
./testing/Mata/Terbuka/0178.jpg,./detect/Mata/Terbuka/0178.jpg,./testing/Mata/Terbuka/0178.jpg,0.2186806792342778,0.2052944933551913,0.21198758629473455,Terbuka,Tertutup
./testing/Mata/Terbuka/0179.jpg,./detect/Mata/Terbuka/0179.jpg,./testing/Mata/Terbuka/0179.jpg,0.2549180962405576,0.2183409063627782,0.2366295013016679,Terbuka,Tertutup
./testing/Mata/Terbuka/0180.jpg,./detect/Mata/Terbuka/0180.jpg,./testing/Mata/Terbuka/0180.jpg,0.2994140779269888,0.23185409709245733,0.26563408750972306,Terbuka,Terbuka
./testing/Mata/Terbuka/0181.jpg,./detect/Mata/Terbuka/0181.jpg,./testing/Mata/Terbuka/0181.jpg,0.38109989766391295,0.33143693384232187,0.3562684157531174,Terbuka,Terbuka
./testing/Mata/Terbuka/0182.jpg,./detect/Mata/Terbuka/0182.jpg,./testing/Mata/Terbuka/0182.jpg,0.27925932899390904,0.2768189463149554,0.2780391376544322,Terbuka,Tertutup
,,,,,,,
./testing/Mata/Terbuka/0184.jpg,./detect/Mata/Terbuka/0184.jpg,./testing/Mata/Terbuka/0184.jpg,0.5427431971449198,0.3925113306289791,0.4676272638869494,Terbuka,Terbuka
./testing/Mata/Terbuka/0185.jpg,./detect/Mata/Terbuka/0185.jpg,./testing/Mata/Terbuka/0185.jpg,0.5559705646139834,0.4000293532392545,0.47799995892661895,Terbuka,Terbuka
,,,,,,,
./testing/Mata/Terbuka/0187.jpg,./detect/Mata/Terbuka/0187.jpg,./testing/Mata/Terbuka/0187.jpg,0.23535946043955872,0.20591619898824648,0.2206378297139026,Terbuka,Tertutup
./testing/Mata/Terbuka/0188.jpg,./detect/Mata/Terbuka/0188.jpg,./testing/Mata/Terbuka/0188.jpg,0.26041421376376245,0.21434158925453908,0.23737790150915078,Terbuka,Tertutup
./testing/Mata/Terbuka/0189.jpg,./detect/Mata/Terbuka/0189.jpg,./testing/Mata/Terbuka/0189.jpg,0.20516666572210687,0.2904167478774308,0.24779170679976886,Terbuka,Terbuka
,,,,,,,
./testing/Mata/Terbuka/0191.jpg,./detect/Mata/Terbuka/0191.jpg,./testing/Mata/Terbuka/0191.jpg,0.29654040978570423,0.2590103041471136,0.2777753569664089,Terbuka,Terbuka
./testing/Mata/Terbuka/0192.jpg,./detect/Mata/Terbuka/0192.jpg,./testing/Mata/Terbuka/0192.jpg,0.29580896001539314,0.26350817087850986,0.2796585654469515,Terbuka,Terbuka
,,,,,,,
./testing/Mata/Terbuka/0194.jpg,./detect/Mata/Terbuka/0194.jpg,./testing/Mata/Terbuka/0194.jpg,0.28760702426765017,0.41178169504817835,0.3496943596579143,Terbuka,Terbuka
./testing/Mata/Terbuka/0195.jpg,./detect/Mata/Terbuka/0195.jpg,./testing/Mata/Terbuka/0195.jpg,0.38457942040105364,0.4682481793138323,0.426413799857443,Terbuka,Terbuka
,,,,,,,
./testing/Mata/Terbuka/0197.jpg,./detect/Mata/Terbuka/0197.jpg,./testing/Mata/Terbuka/0197.jpg,0.6444989314609529,0.41188847832709846,0.5281937048940257,Terbuka,Terbuka
,,,,,,,
,,,,,,,
./testing/Mata/Terbuka/0200.jpg,./detect/Mata/Terbuka/0200.jpg,./testing/Mata/Terbuka/0200.jpg,0.5048999452293035,0.47210686703928356,0.48850340613429355,Terbuka,Terbuka
,,,,,,,
./testing/Mata/Terbuka/0202.jpg,./detect/Mata/Terbuka/0202.jpg,./testing/Mata/Terbuka/0202.jpg,0.3846641390985585,0.5027505131567429,0.44370732612765074,Terbuka,Terbuka
./testing/Mata/Terbuka/0203.jpg,./detect/Mata/Terbuka/0203.jpg,./testing/Mata/Terbuka/0203.jpg,0.1639055500631243,0.23964170849174007,0.2017736292774322,Terbuka,Tertutup
,,,,,,,
./testing/Mata/Terbuka/0205.jpg,./detect/Mata/Terbuka/0205.jpg,./testing/Mata/Terbuka/0205.jpg,0.22715876796527282,0.3155044617039684,0.2713316148346206,Terbuka,Terbuka
,,,,,,,
./testing/Mata/Terbuka/0207.jpg,./detect/Mata/Terbuka/0207.jpg,./testing/Mata/Terbuka/0207.jpg,0.5033035397273409,0.31106668334967896,0.4071851115385099,Terbuka,Terbuka
./testing/Mata/Terbuka/0208.jpg,./detect/Mata/Terbuka/0208.jpg,./testing/Mata/Terbuka/0208.jpg,0.4980055010935,0.2889833006007797,0.3934944008471398,Terbuka,Terbuka
./testing/Mata/Terbuka/0209.jpg,./detect/Mata/Terbuka/0209.jpg,./testing/Mata/Terbuka/0209.jpg,0.21145931430405762,0.17973474580898852,0.19559703005652307,Terbuka,Tertutup
./testing/Mata/Terbuka/0210.jpg,./detect/Mata/Terbuka/0210.jpg,./testing/Mata/Terbuka/0210.jpg,0.2539985042010896,0.22088970323235113,0.23744410371672037,Terbuka,Tertutup
./testing/Mata/Terbuka/0211.jpg,./detect/Mata/Terbuka/0211.jpg,./testing/Mata/Terbuka/0211.jpg,0.2236785659634682,0.2703699472306424,0.2470242565970553,Terbuka,Tertutup
./testing/Mata/Terbuka/0212.jpg,./detect/Mata/Terbuka/0212.jpg,./testing/Mata/Terbuka/0212.jpg,0.25751467029887126,0.3672027820175907,0.312358726158231,Terbuka,Terbuka
./testing/Mata/Terbuka/0213.jpg,./detect/Mata/Terbuka/0213.jpg,./testing/Mata/Terbuka/0213.jpg,0.49029458008163174,0.36048005017231427,0.42538731512697303,Terbuka,Terbuka
./testing/Mata/Terbuka/0214.jpg,./detect/Mata/Terbuka/0214.jpg,./testing/Mata/Terbuka/0214.jpg,0.4689698835850173,0.31164047401633244,0.39030517880067483,Terbuka,Terbuka
,,,,,,,
./testing/Mata/Terbuka/0216.jpg,./detect/Mata/Terbuka/0216.jpg,./testing/Mata/Terbuka/0216.jpg,0.2977211711729829,0.2666650597408078,0.28219311545689535,Terbuka,Terbuka
,,,,,,,
./testing/Mata/Terbuka/0218.jpg,./detect/Mata/Terbuka/0218.jpg,./testing/Mata/Terbuka/0218.jpg,0.37832944954416653,0.5932020029726769,0.48576572625842174,Terbuka,Terbuka
./testing/Mata/Terbuka/0219.jpg,./detect/Mata/Terbuka/0219.jpg,./testing/Mata/Terbuka/0219.jpg,0.46923649845555865,0.4681859010312,0.4687111997433793,Terbuka,Terbuka
./testing/Mata/Terbuka/0220.jpg,./detect/Mata/Terbuka/0220.jpg,./testing/Mata/Terbuka/0220.jpg,0.4410017006883964,0.5511654229150514,0.4960835618017239,Terbuka,Terbuka
./testing/Mata/Terbuka/0221.jpg,./detect/Mata/Terbuka/0221.jpg,./testing/Mata/Terbuka/0221.jpg,0.46529307688371047,0.5343088100420001,0.4998009434628553,Terbuka,Terbuka
./testing/Mata/Terbuka/0222.jpg,./detect/Mata/Terbuka/0222.jpg,./testing/Mata/Terbuka/0222.jpg,0.2673565917957244,0.30305702542403345,0.2852068086098789,Terbuka,Terbuka
,,,,,,,
./testing/Mata/Terbuka/0224.jpg,./detect/Mata/Terbuka/0224.jpg,./testing/Mata/Terbuka/0224.jpg,0.30736399051109825,0.25040878065046546,0.2788863855807818,Terbuka,Terbuka
./testing/Mata/Terbuka/0225.jpg,./detect/Mata/Terbuka/0225.jpg,./testing/Mata/Terbuka/0225.jpg,0.2058833411049837,0.2321316054798825,0.2190074732924331,Terbuka,Tertutup
./testing/Mata/Terbuka/0226.jpg,./detect/Mata/Terbuka/0226.jpg,./testing/Mata/Terbuka/0226.jpg,0.2788647407257155,0.42021362993935246,0.349539185332534,Terbuka,Terbuka
./testing/Mata/Terbuka/0227.jpg,./detect/Mata/Terbuka/0227.jpg,./testing/Mata/Terbuka/0227.jpg,0.2907710673141356,0.3667483946865672,0.3287597310003514,Terbuka,Terbuka
./testing/Mata/Terbuka/0228.jpg,./detect/Mata/Terbuka/0228.jpg,./testing/Mata/Terbuka/0228.jpg,0.231406545063925,0.26467762290865504,0.24804208398629002,Terbuka,Tertutup
./testing/Mata/Terbuka/0229.jpg,./detect/Mata/Terbuka/0229.jpg,./testing/Mata/Terbuka/0229.jpg,0.31619209142738064,0.38423309248212195,0.3502125919547513,Terbuka,Terbuka
./testing/Mata/Terbuka/0230.jpg,./detect/Mata/Terbuka/0230.jpg,./testing/Mata/Terbuka/0230.jpg,0.199891763182788,0.23074269103737063,0.21531722711007933,Terbuka,Tertutup
./testing/Mata/Terbuka/0231.jpg,./detect/Mata/Terbuka/0231.jpg,./testing/Mata/Terbuka/0231.jpg,0.19530452857816963,0.21216087962327781,0.20373270410072372,Terbuka,Tertutup
./testing/Mata/Terbuka/0232.jpg,./detect/Mata/Terbuka/0232.jpg,./testing/Mata/Terbuka/0232.jpg,0.1772933696780376,0.18649007440236504,0.18189172204020132,Terbuka,Tertutup
./testing/Mata/Terbuka/0233.jpg,./detect/Mata/Terbuka/0233.jpg,./testing/Mata/Terbuka/0233.jpg,0.18810512536537285,0.18810780248611736,0.1881064639257451,Terbuka,Tertutup
./testing/Mata/Terbuka/0234.jpg,./detect/Mata/Terbuka/0234.jpg,./testing/Mata/Terbuka/0234.jpg,0.15979503116396734,0.1668256741326942,0.16331035264833077,Terbuka,Tertutup
./testing/Mata/Terbuka/0235.jpg,./detect/Mata/Terbuka/0235.jpg,./testing/Mata/Terbuka/0235.jpg,0.2111389343794263,0.23720222958728496,0.22417058198335563,Terbuka,Tertutup
./testing/Mata/Terbuka/0236.jpg,./detect/Mata/Terbuka/0236.jpg,./testing/Mata/Terbuka/0236.jpg,0.168370172275584,0.1633086696027234,0.16583942093915371,Terbuka,Tertutup
./testing/Mata/Terbuka/0237.jpg,./detect/Mata/Terbuka/0237.jpg,./testing/Mata/Terbuka/0237.jpg,0.18776035502393904,0.18041272896675317,0.1840865419953461,Terbuka,Tertutup
./testing/Mata/Terbuka/0238.jpg,./detect/Mata/Terbuka/0238.jpg,./testing/Mata/Terbuka/0238.jpg,0.18679594650674203,0.16931426744638864,0.17805510697656535,Terbuka,Tertutup
./testing/Mata/Terbuka/0239.jpeg,./detect/Mata/Terbuka/0239.jpeg,./testing/Mata/Terbuka/0239.jpeg,0.20509687919155117,0.2127220237719433,0.20890945148174722,Terbuka,Tertutup
./testing/Mata/Terbuka/0240.jpeg,./detect/Mata/Terbuka/0240.jpeg,./testing/Mata/Terbuka/0240.jpeg,0.21682257405683372,0.21378068281010443,0.21530162843346906,Terbuka,Tertutup
./testing/Mata/Terbuka/0241.jpeg,./detect/Mata/Terbuka/0241.jpeg,./testing/Mata/Terbuka/0241.jpeg,0.13605088202392762,0.14439429412495564,0.14022258807444163,Terbuka,Tertutup
./testing/Mata/Terbuka/0242.jpeg,./detect/Mata/Terbuka/0242.jpeg,./testing/Mata/Terbuka/0242.jpeg,0.06202076974120492,0.04969775334249129,0.0558592615418481,Terbuka,Tertutup
./testing/Mata/Terbuka/0243.jpeg,./detect/Mata/Terbuka/0243.jpeg,./testing/Mata/Terbuka/0243.jpeg,0.15233940418266018,0.15154673398385196,0.15194306908325605,Terbuka,Tertutup
./testing/Mata/Terbuka/0244.jpeg,./detect/Mata/Terbuka/0244.jpeg,./testing/Mata/Terbuka/0244.jpeg,0.2067577070577036,0.2080673190072349,0.20741251303246927,Terbuka,Tertutup
./testing/Mata/Terbuka/0245.jpeg,./detect/Mata/Terbuka/0245.jpeg,./testing/Mata/Terbuka/0245.jpeg,0.22190524281497145,0.21269550518507446,0.21730037400002294,Terbuka,Tertutup
./testing/Mata/Terbuka/0246.jpeg,./detect/Mata/Terbuka/0246.jpeg,./testing/Mata/Terbuka/0246.jpeg,0.21811171261912093,0.20826301087300877,0.21318736174606484,Terbuka,Tertutup
./testing/Mata/Terbuka/0247.jpeg,./detect/Mata/Terbuka/0247.jpeg,./testing/Mata/Terbuka/0247.jpeg,0.21276779271864873,0.2628151391943261,0.23779146595648742,Terbuka,Tertutup
./testing/Mata/Terbuka/0248.jpeg,./detect/Mata/Terbuka/0248.jpeg,./testing/Mata/Terbuka/0248.jpeg,0.24342948424545133,0.2580048751325515,0.2507171796890014,Terbuka,Tertutup
./testing/Mata/Terbuka/0249.jpeg,./detect/Mata/Terbuka/0249.jpeg,./testing/Mata/Terbuka/0249.jpeg,0.3060911374513636,0.20800372047327326,0.25704742896231847,Terbuka,Terbuka
./testing/Mata/Terbuka/0250.jpeg,./detect/Mata/Terbuka/0250.jpeg,./testing/Mata/Terbuka/0250.jpeg,0.20719461006651452,0.2028411647174422,0.20501788739197835,Terbuka,Tertutup
./testing/Mata/Terbuka/0251.jpeg,./detect/Mata/Terbuka/0251.jpeg,./testing/Mata/Terbuka/0251.jpeg,0.19122266892747902,0.1828532186521608,0.18703794378981992,Terbuka,Tertutup
./testing/Mata/Terbuka/0252.jpeg,./detect/Mata/Terbuka/0252.jpeg,./testing/Mata/Terbuka/0252.jpeg,0.202806205993885,0.2243550623231287,0.21358063415850687,Terbuka,Tertutup
./testing/Mata/Terbuka/0253.jpeg,./detect/Mata/Terbuka/0253.jpeg,./testing/Mata/Terbuka/0253.jpeg,0.22318246317958423,0.17569442531164922,0.19943844424561674,Terbuka,Tertutup
./testing/Mata/Terbuka/0254.jpeg,./detect/Mata/Terbuka/0254.jpeg,./testing/Mata/Terbuka/0254.jpeg,0.2021324880073434,0.18173798331510826,0.19193523566122583,Terbuka,Tertutup
./testing/Mata/Terbuka/0255.jpeg,./detect/Mata/Terbuka/0255.jpeg,./testing/Mata/Terbuka/0255.jpeg,0.2502294135175991,0.23959712681855572,0.2449132701680774,Terbuka,Tertutup
./testing/Mata/Terbuka/0256.jpeg,./detect/Mata/Terbuka/0256.jpeg,./testing/Mata/Terbuka/0256.jpeg,0.25568518334545537,0.20299869627216877,0.22934193980881207,Terbuka,Tertutup
./testing/Mata/Terbuka/0257.jpeg,./detect/Mata/Terbuka/0257.jpeg,./testing/Mata/Terbuka/0257.jpeg,0.1901106526951762,0.20669186914326307,0.19840126091921964,Terbuka,Tertutup
,,,,,,,
,,,,,,,
./testing/Mata/Terbuka/0260.jpeg,./detect/Mata/Terbuka/0260.jpeg,./testing/Mata/Terbuka/0260.jpeg,0.1955332856568434,0.19415298781881132,0.19484313673782735,Terbuka,Tertutup
./testing/Mata/Terbuka/0261.jpeg,./detect/Mata/Terbuka/0261.jpeg,./testing/Mata/Terbuka/0261.jpeg,0.20338901717067562,0.24076730249521897,0.2220781598329473,Terbuka,Tertutup
./testing/Mata/Terbuka/0262.jpeg,./detect/Mata/Terbuka/0262.jpeg,./testing/Mata/Terbuka/0262.jpeg,0.2788803651527194,0.22527791454180107,0.25207913984726027,Terbuka,Tertutup
./testing/Mata/Terbuka/0263.jpeg,./detect/Mata/Terbuka/0263.jpeg,./testing/Mata/Terbuka/0263.jpeg,0.1821039559737454,0.16172291192897584,0.1719134339513606,Terbuka,Tertutup
./testing/Mata/Terbuka/0264.jpeg,./detect/Mata/Terbuka/0264.jpeg,./testing/Mata/Terbuka/0264.jpeg,0.2248488120596403,0.2208875255227142,0.22286816879117727,Terbuka,Tertutup
./testing/Mata/Terbuka/0265.jpeg,./detect/Mata/Terbuka/0265.jpeg,./testing/Mata/Terbuka/0265.jpeg,0.2489811323461631,0.1919337835699309,0.220457457958047,Terbuka,Tertutup
./testing/Mata/Terbuka/0266.jpeg,./detect/Mata/Terbuka/0266.jpeg,./testing/Mata/Terbuka/0266.jpeg,0.17534653641248293,0.2269791999214945,0.20116286816698872,Terbuka,Tertutup
./testing/Mata/Terbuka/0267.jpeg,./detect/Mata/Terbuka/0267.jpeg,./testing/Mata/Terbuka/0267.jpeg,0.15975551943496688,0.14287098891179553,0.1513132541733812,Terbuka,Tertutup
./testing/Mata/Terbuka/0268.jpeg,./detect/Mata/Terbuka/0268.jpeg,./testing/Mata/Terbuka/0268.jpeg,0.24338159823326128,0.22628978881802927,0.23483569352564526,Terbuka,Tertutup
,,,,,,,
./testing/Mata/Terbuka/0270.jpeg,./detect/Mata/Terbuka/0270.jpeg,./testing/Mata/Terbuka/0270.jpeg,0.21439397317915457,0.21199444251548644,0.21319420784732052,Terbuka,Tertutup
./testing/Mata/Terbuka/0271.jpeg,./detect/Mata/Terbuka/0271.jpeg,./testing/Mata/Terbuka/0271.jpeg,0.09493140216146398,0.09039967352469674,0.09266553784308036,Terbuka,Tertutup
,,,,,,,
,,,,,,,
,,,,,,,
./testing/Mata/Terbuka/0275.jpeg,./detect/Mata/Terbuka/0275.jpeg,./testing/Mata/Terbuka/0275.jpeg,0.2351547714704354,0.23345983554757033,0.23430730350900286,Terbuka,Tertutup
./testing/Mata/Terbuka/0276.jpeg,./detect/Mata/Terbuka/0276.jpeg,./testing/Mata/Terbuka/0276.jpeg,0.17545930185940672,0.1831825561950966,0.17932092902725166,Terbuka,Tertutup
./testing/Mata/Terbuka/0277.jpeg,./detect/Mata/Terbuka/0277.jpeg,./testing/Mata/Terbuka/0277.jpeg,0.19110943358076915,0.21549268094511967,0.2033010572629444,Terbuka,Tertutup
,,,,,,,
./testing/Mata/Tertutup/0279.jpg,./detect/Mata/Tertutup/0279.jpg,./testing/Mata/Tertutup/0279.jpg,0.23160392378670303,0.24443137618086846,0.23801764998378575,Tertutup,Tertutup
./testing/Mata/Tertutup/0280.jpg,./detect/Mata/Tertutup/0280.jpg,./testing/Mata/Tertutup/0280.jpg,0.22525587429124583,0.2262403998607513,0.22574813707599856,Tertutup,Tertutup
,,,,,,,
./testing/Mata/Tertutup/0282.jpg,./detect/Mata/Tertutup/0282.jpg,./testing/Mata/Tertutup/0282.jpg,0.1435429351841461,0.14141930656456006,0.14248112087435308,Tertutup,Tertutup
./testing/Mata/Tertutup/0283.jpg,./detect/Mata/Tertutup/0283.jpg,./testing/Mata/Tertutup/0283.jpg,0.17733927791740742,0.22253619799031346,0.19993773795386044,Tertutup,Tertutup
./testing/Mata/Tertutup/0284.jpg,./detect/Mata/Tertutup/0284.jpg,./testing/Mata/Tertutup/0284.jpg,0.1437175632375053,0.1474004017526525,0.14555898249507893,Tertutup,Tertutup
./testing/Mata/Tertutup/0285.jpg,./detect/Mata/Tertutup/0285.jpg,./testing/Mata/Tertutup/0285.jpg,0.1390923214525402,0.14228407686334354,0.14068819915794187,Tertutup,Tertutup
./testing/Mata/Tertutup/0286.jpg,./detect/Mata/Tertutup/0286.jpg,./testing/Mata/Tertutup/0286.jpg,0.14632239788261728,0.14464650766198245,0.14548445277229988,Tertutup,Tertutup
./testing/Mata/Tertutup/0287.jpg,./detect/Mata/Tertutup/0287.jpg,./testing/Mata/Tertutup/0287.jpg,0.14455305696421203,0.15836546805274812,0.15145926250848007,Tertutup,Tertutup
./testing/Mata/Tertutup/0288.jpg,./detect/Mata/Tertutup/0288.jpg,./testing/Mata/Tertutup/0288.jpg,0.1327366079077451,0.1494909892265145,0.1411137985671298,Tertutup,Tertutup
./testing/Mata/Tertutup/0289.jpg,./detect/Mata/Tertutup/0289.jpg,./testing/Mata/Tertutup/0289.jpg,0.12819189630736177,0.13942584334079888,0.13380886982408033,Tertutup,Tertutup
./testing/Mata/Tertutup/0290.jpg,./detect/Mata/Tertutup/0290.jpg,./testing/Mata/Tertutup/0290.jpg,0.12523081521292184,0.1293337633552471,0.12728228928408447,Tertutup,Tertutup
,,,,,,,
./testing/Mata/Tertutup/0292.jpeg,./detect/Mata/Tertutup/0292.jpeg,./testing/Mata/Tertutup/0292.jpeg,0.11175625289799995,0.10702567286913243,0.1093909628835662,Tertutup,Tertutup
./testing/Mata/Tertutup/0293.jpeg,./detect/Mata/Tertutup/0293.jpeg,./testing/Mata/Tertutup/0293.jpeg,0.20477946526245916,0.22704047422671284,0.21590996974458598,Tertutup,Tertutup
./testing/Mata/Tertutup/0294.jpeg,./detect/Mata/Tertutup/0294.jpeg,./testing/Mata/Tertutup/0294.jpeg,0.1951198003917411,0.19115514202716666,0.19313747120945388,Tertutup,Tertutup
./testing/Mata/Tertutup/0295.jpeg,./detect/Mata/Tertutup/0295.jpeg,./testing/Mata/Tertutup/0295.jpeg,0.1313729934769705,0.1298217636711435,0.130597378574057,Tertutup,Tertutup
./testing/Mata/Tertutup/0296.jpeg,./detect/Mata/Tertutup/0296.jpeg,./testing/Mata/Tertutup/0296.jpeg,0.17436947403191017,0.16136691216112636,0.16786819309651826,Tertutup,Tertutup
./testing/Mata/Tertutup/0297.jpeg,./detect/Mata/Tertutup/0297.jpeg,./testing/Mata/Tertutup/0297.jpeg,0.07456071277228088,0.07214007761944936,0.07335039519586511,Tertutup,Tertutup
./testing/Mata/Tertutup/0298.jpeg,./detect/Mata/Tertutup/0298.jpeg,./testing/Mata/Tertutup/0298.jpeg,0.1662257755465042,0.16905360070491543,0.1676396881257098,Tertutup,Tertutup
./testing/Mata/Tertutup/0299.jpeg,./detect/Mata/Tertutup/0299.jpeg,./testing/Mata/Tertutup/0299.jpeg,0.24307219039171846,0.23483856006827,0.23895537522999422,Tertutup,Tertutup
./testing/Mata/Tertutup/0300.jpeg,./detect/Mata/Tertutup/0300.jpeg,./testing/Mata/Tertutup/0300.jpeg,0.20338680712761725,0.14783656034458978,0.17561168373610353,Tertutup,Tertutup
./testing/Mata/Tertutup/0301.jpeg,./detect/Mata/Tertutup/0301.jpeg,./testing/Mata/Tertutup/0301.jpeg,0.1412556771988762,0.22064945905999134,0.18095256812943378,Tertutup,Tertutup
./testing/Mata/Tertutup/0302.jpeg,./detect/Mata/Tertutup/0302.jpeg,./testing/Mata/Tertutup/0302.jpeg,0.12362606222597075,0.11474842806588237,0.11918724514592656,Tertutup,Tertutup
./testing/Mata/Tertutup/0303.jpeg,./detect/Mata/Tertutup/0303.jpeg,./testing/Mata/Tertutup/0303.jpeg,0.10198452784948854,0.09119055262067376,0.09658754023508115,Tertutup,Tertutup
./testing/Mata/Tertutup/0304.jpeg,./detect/Mata/Tertutup/0304.jpeg,./testing/Mata/Tertutup/0304.jpeg,0.23411784006704972,0.21489510743036824,0.22450647374870897,Tertutup,Tertutup
./testing/Mata/Tertutup/0305.jpeg,./detect/Mata/Tertutup/0305.jpeg,./testing/Mata/Tertutup/0305.jpeg,0.18670741754196366,0.13933528320167848,0.16302135037182108,Tertutup,Tertutup
./testing/Mata/Tertutup/0306.jpeg,./detect/Mata/Tertutup/0306.jpeg,./testing/Mata/Tertutup/0306.jpeg,0.1887264204181383,0.17262952421575237,0.18067797231694532,Tertutup,Tertutup
./testing/Mata/Tertutup/0307.jpeg,./detect/Mata/Tertutup/0307.jpeg,./testing/Mata/Tertutup/0307.jpeg,0.13631157640403346,0.1464538772078905,0.14138272680596198,Tertutup,Tertutup
./testing/Mata/Tertutup/0308.jpeg,./detect/Mata/Tertutup/0308.jpeg,./testing/Mata/Tertutup/0308.jpeg,0.3235430651024387,0.19843454757654558,0.2609888063394921,Tertutup,Terbuka
./testing/Mata/Tertutup/0309.jpeg,./detect/Mata/Tertutup/0309.jpeg,./testing/Mata/Tertutup/0309.jpeg,0.24463992510321783,0.2475400398729015,0.24608998248805966,Tertutup,Tertutup
,,,,,,,
./testing/Mata/Tertutup/0311.jpeg,./detect/Mata/Tertutup/0311.jpeg,./testing/Mata/Tertutup/0311.jpeg,0.14970736892972286,0.1578175216880526,0.15376244530888772,Tertutup,Tertutup
,,,,,,,
./testing/Mata/Tertutup/0313.jpeg,./detect/Mata/Tertutup/0313.jpeg,./testing/Mata/Tertutup/0313.jpeg,0.19886808231276623,0.1463436789661016,0.1726058806394339,Tertutup,Tertutup
./testing/Mata/Tertutup/0314.jpeg,./detect/Mata/Tertutup/0314.jpeg,./testing/Mata/Tertutup/0314.jpeg,0.06893548659798729,0.07293938606945999,0.07093743633372364,Tertutup,Tertutup
./testing/Mata/Tertutup/0315.jpeg,./detect/Mata/Tertutup/0315.jpeg,./testing/Mata/Tertutup/0315.jpeg,0.1659506740042514,0.1671426249516419,0.16654664947794665,Tertutup,Tertutup
./testing/Mata/Tertutup/0316.jpeg,./detect/Mata/Tertutup/0316.jpeg,./testing/Mata/Tertutup/0316.jpeg,0.24930755509248154,0.21834884740201668,0.23382820124724912,Tertutup,Tertutup
,,,,,,,
./testing/Mata/Tertutup/0318.jpeg,./detect/Mata/Tertutup/0318.jpeg,./testing/Mata/Tertutup/0318.jpeg,0.23822404819223608,0.21241159622495356,0.2253178222085948,Tertutup,Tertutup
./testing/Mata/Tertutup/0319.jpeg,./detect/Mata/Tertutup/0319.jpeg,./testing/Mata/Tertutup/0319.jpeg,0.15078785048684404,0.20508800139282418,0.1779379259398341,Tertutup,Tertutup
./testing/Mata/Tertutup/0320.jpeg,./detect/Mata/Tertutup/0320.jpeg,./testing/Mata/Tertutup/0320.jpeg,0.14841261927169938,0.12830789132319922,0.1383602552974493,Tertutup,Tertutup
,,,,,,,
./testing/Mata/Tertutup/0322.jpeg,./detect/Mata/Tertutup/0322.jpeg,./testing/Mata/Tertutup/0322.jpeg,0.18806067133732934,0.1830426849455111,0.1855516781414202,Tertutup,Tertutup
./testing/Mata/Tertutup/0323.jpeg,./detect/Mata/Tertutup/0323.jpeg,./testing/Mata/Tertutup/0323.jpeg,0.1698223023117567,0.19034228283401086,0.18008229257288377,Tertutup,Tertutup
,,,,,,,
,,,,,,,
,,,,,,,
./testing/Mata/Tertutup/0327.jpeg,./detect/Mata/Tertutup/0327.jpeg,./testing/Mata/Tertutup/0327.jpeg,0.20698060328868567,0.20332173002982795,0.2051511666592568,Tertutup,Tertutup
./testing/Mata/Tertutup/0328.jpeg,./detect/Mata/Tertutup/0328.jpeg,./testing/Mata/Tertutup/0328.jpeg,0.16248227337181725,0.17204503903114107,0.16726365620147915,Tertutup,Tertutup
./testing/Mata/Tertutup/0329.jpeg,./detect/Mata/Tertutup/0329.jpeg,./testing/Mata/Tertutup/0329.jpeg,0.1736153636940156,0.1822851303752675,0.17795024703464155,Tertutup,Tertutup
,,,,,,,
./testing/Mata/Tertutup/0331.jpg,./detect/Mata/Tertutup/0331.jpg,./testing/Mata/Tertutup/0331.jpg,0.1477773500469878,0.14957844116028077,0.14867789560363429,Tertutup,Tertutup
./testing/Mata/Tertutup/0332.jpg,./detect/Mata/Tertutup/0332.jpg,./testing/Mata/Tertutup/0332.jpg,0.26513423240901723,0.2355921146190863,0.2503631735140518,Tertutup,Tertutup
./testing/Mata/Tertutup/0333.jpg,./detect/Mata/Tertutup/0333.jpg,./testing/Mata/Tertutup/0333.jpg,0.23045702693929002,0.24508672778125562,0.23777187736027283,Tertutup,Tertutup
./testing/Mata/Tertutup/0334.jpg,./detect/Mata/Tertutup/0334.jpg,./testing/Mata/Tertutup/0334.jpg,0.17889750012586011,0.1906835626027751,0.1847905313643176,Tertutup,Tertutup
./testing/Mata/Tertutup/0335.jpg,./detect/Mata/Tertutup/0335.jpg,./testing/Mata/Tertutup/0335.jpg,0.20031543348487588,0.20239933688863357,0.20135738518675472,Tertutup,Tertutup
./testing/Mata/Tertutup/0336.jpg,./detect/Mata/Tertutup/0336.jpg,./testing/Mata/Tertutup/0336.jpg,0.2407455948447264,0.23971098918678577,0.24022829201575607,Tertutup,Tertutup
./testing/Mata/Tertutup/0337.jpg,./detect/Mata/Tertutup/0337.jpg,./testing/Mata/Tertutup/0337.jpg,0.2497651193228673,0.2563114828964121,0.2530383011096397,Tertutup,Tertutup
./testing/Mata/Tertutup/0338.jpg,./detect/Mata/Tertutup/0338.jpg,./testing/Mata/Tertutup/0338.jpg,0.27279571416149595,0.2829564879508826,0.27787610105618926,Tertutup,Tertutup
./testing/Mata/Tertutup/0339.jpg,./detect/Mata/Tertutup/0339.jpg,./testing/Mata/Tertutup/0339.jpg,0.21959712140434884,0.26802752151891707,0.24381232146163295,Tertutup,Tertutup
./testing/Mata/Tertutup/0340.jpg,./detect/Mata/Tertutup/0340.jpg,./testing/Mata/Tertutup/0340.jpg,0.19602149912913386,0.23983633834087928,0.21792891873500658,Tertutup,Tertutup
./testing/Mata/Tertutup/0341.jpg,./detect/Mata/Tertutup/0341.jpg,./testing/Mata/Tertutup/0341.jpg,0.09608901765405839,0.09381003407093222,0.0949495258624953,Tertutup,Tertutup
./testing/Mata/Tertutup/0342.jpg,./detect/Mata/Tertutup/0342.jpg,./testing/Mata/Tertutup/0342.jpg,0.2398961347403996,0.2420107359773564,0.240953435358878,Tertutup,Tertutup
./testing/Mata/Tertutup/0343.jpg,./detect/Mata/Tertutup/0343.jpg,./testing/Mata/Tertutup/0343.jpg,0.1548868361701571,0.15267399730730888,0.153780416738733,Tertutup,Tertutup
./testing/Mata/Tertutup/0344.jpg,./detect/Mata/Tertutup/0344.jpg,./testing/Mata/Tertutup/0344.jpg,0.0986831529802452,0.10066693808040546,0.09967504553032533,Tertutup,Tertutup
./testing/Mata/Tertutup/0345.jpg,./detect/Mata/Tertutup/0345.jpg,./testing/Mata/Tertutup/0345.jpg,0.2794855358236572,0.26198823668369453,0.27073688625367587,Tertutup,Tertutup
./testing/Mata/Tertutup/0346.jpg,./detect/Mata/Tertutup/0346.jpg,./testing/Mata/Tertutup/0346.jpg,0.21386930750499575,0.21138002381018983,0.2126246656575928,Tertutup,Tertutup
./testing/Mata/Tertutup/0347.jpg,./detect/Mata/Tertutup/0347.jpg,./testing/Mata/Tertutup/0347.jpg,0.21411280401591223,0.23172446522516585,0.22291863462053904,Tertutup,Tertutup
./testing/Mata/Tertutup/0348.jpg,./detect/Mata/Tertutup/0348.jpg,./testing/Mata/Tertutup/0348.jpg,0.21845351804205976,0.2193088624592657,0.21888119025066272,Tertutup,Tertutup
./testing/Mata/Tertutup/0349.jpg,./detect/Mata/Tertutup/0349.jpg,./testing/Mata/Tertutup/0349.jpg,0.2282904882099533,0.24407934521125657,0.23618491671060493,Tertutup,Tertutup
./testing/Mata/Tertutup/0350.jpg,./detect/Mata/Tertutup/0350.jpg,./testing/Mata/Tertutup/0350.jpg,0.23095099278614478,0.30281446701927767,0.2668827299027112,Tertutup,Terbuka
./testing/Mata/Tertutup/0351.jpg,./detect/Mata/Tertutup/0351.jpg,./testing/Mata/Tertutup/0351.jpg,0.24274953068716484,0.32931605598034874,0.2860327933337568,Tertutup,Terbuka
./testing/Mata/Tertutup/0352.jpg,./detect/Mata/Tertutup/0352.jpg,./testing/Mata/Tertutup/0352.jpg,0.2963559160761584,0.2538274947433605,0.27509170540975947,Tertutup,Terbuka
./testing/Mata/Tertutup/0353.jpg,./detect/Mata/Tertutup/0353.jpg,./testing/Mata/Tertutup/0353.jpg,0.17959332208120787,0.16354802922506942,0.17157067565313866,Tertutup,Tertutup
./testing/Mata/Tertutup/0354.jpg,./detect/Mata/Tertutup/0354.jpg,./testing/Mata/Tertutup/0354.jpg,0.14794765169307975,0.12782490681482206,0.13788627925395092,Tertutup,Tertutup
./testing/Mata/Tertutup/0355.jpg,./detect/Mata/Tertutup/0355.jpg,./testing/Mata/Tertutup/0355.jpg,0.15379517386139877,0.14996526517736047,0.15188021951937963,Tertutup,Tertutup
./testing/Mata/Tertutup/0356.jpg,./detect/Mata/Tertutup/0356.jpg,./testing/Mata/Tertutup/0356.jpg,0.1625808936002145,0.15269478182548038,0.15763783771284745,Tertutup,Tertutup
./testing/Mata/Tertutup/0357.jpg,./detect/Mata/Tertutup/0357.jpg,./testing/Mata/Tertutup/0357.jpg,0.18319378598681862,0.16820123357743005,0.17569750978212434,Tertutup,Tertutup
./testing/Mata/Tertutup/0358.jpg,./detect/Mata/Tertutup/0358.jpg,./testing/Mata/Tertutup/0358.jpg,0.2673715739495522,0.22736449738085604,0.2473680356652041,Tertutup,Tertutup
./testing/Mata/Tertutup/0359.jpg,./detect/Mata/Tertutup/0359.jpg,./testing/Mata/Tertutup/0359.jpg,0.2545092439407895,0.2586822037956105,0.2565957238682,Tertutup,Tertutup
./testing/Mata/Tertutup/0360.jpg,./detect/Mata/Tertutup/0360.jpg,./testing/Mata/Tertutup/0360.jpg,0.24211204114026774,0.2478663684939743,0.24498920481712103,Tertutup,Tertutup
./testing/Mata/Tertutup/0361.jpg,./detect/Mata/Tertutup/0361.jpg,./testing/Mata/Tertutup/0361.jpg,0.2407913338634686,0.1912777234222247,0.21603452864284667,Tertutup,Tertutup
./testing/Mata/Tertutup/0362.jpg,./detect/Mata/Tertutup/0362.jpg,./testing/Mata/Tertutup/0362.jpg,0.21466426030370797,0.2277623932073616,0.2212133267555348,Tertutup,Tertutup
./testing/Mata/Tertutup/0363.jpg,./detect/Mata/Tertutup/0363.jpg,./testing/Mata/Tertutup/0363.jpg,0.21201704718167894,0.20229876153381185,0.2071579043577454,Tertutup,Tertutup
./testing/Mata/Tertutup/0364.jpg,./detect/Mata/Tertutup/0364.jpg,./testing/Mata/Tertutup/0364.jpg,0.1902696064529884,0.2095473815102858,0.1999084939816371,Tertutup,Tertutup
./testing/Mata/Tertutup/0365.jpg,./detect/Mata/Tertutup/0365.jpg,./testing/Mata/Tertutup/0365.jpg,0.27404561774837355,0.3091905821058636,0.29161809992711857,Tertutup,Terbuka
./testing/Mata/Tertutup/0366.jpg,./detect/Mata/Tertutup/0366.jpg,./testing/Mata/Tertutup/0366.jpg,0.27986656483525585,0.30708344520693864,0.29347500502109725,Tertutup,Terbuka
./testing/Mata/Tertutup/0367.jpg,./detect/Mata/Tertutup/0367.jpg,./testing/Mata/Tertutup/0367.jpg,0.27365092666894963,0.313471105482218,0.2935610160755838,Tertutup,Terbuka
./testing/Mata/Tertutup/0368.jpg,./detect/Mata/Tertutup/0368.jpg,./testing/Mata/Tertutup/0368.jpg,0.2588714782993872,0.29236391883405627,0.27561769856672175,Tertutup,Terbuka
./testing/Mata/Tertutup/0369.jpg,./detect/Mata/Tertutup/0369.jpg,./testing/Mata/Tertutup/0369.jpg,0.23765961430777918,0.25427786226652216,0.24596873828715066,Tertutup,Tertutup
./testing/Mata/Tertutup/0370.jpg,./detect/Mata/Tertutup/0370.jpg,./testing/Mata/Tertutup/0370.jpg,0.1823572891396139,0.17102658192338646,0.1766919355315002,Tertutup,Tertutup
./testing/Mata/Tertutup/0371.jpg,./detect/Mata/Tertutup/0371.jpg,./testing/Mata/Tertutup/0371.jpg,0.17780121298643264,0.17249068764602946,0.17514595031623104,Tertutup,Tertutup
./testing/Mata/Tertutup/0372.jpg,./detect/Mata/Tertutup/0372.jpg,./testing/Mata/Tertutup/0372.jpg,0.2413938860976718,0.29402860888218935,0.2677112474899306,Tertutup,Terbuka
./testing/Mata/Tertutup/0373.jpg,./detect/Mata/Tertutup/0373.jpg,./testing/Mata/Tertutup/0373.jpg,0.21681464206010054,0.24285107160879557,0.22983285683444804,Tertutup,Tertutup
./testing/Mata/Tertutup/0374.jpg,./detect/Mata/Tertutup/0374.jpg,./testing/Mata/Tertutup/0374.jpg,0.2196606710894006,0.1931405834094507,0.20640062724942565,Tertutup,Tertutup
./testing/Mata/Tertutup/0375.jpg,./detect/Mata/Tertutup/0375.jpg,./testing/Mata/Tertutup/0375.jpg,0.12362085417970271,0.11175199447562362,0.11768642432766316,Tertutup,Tertutup
./testing/Mata/Tertutup/0376.jpg,./detect/Mata/Tertutup/0376.jpg,./testing/Mata/Tertutup/0376.jpg,0.2470529591256411,0.2675248586356232,0.25728890888063216,Tertutup,Tertutup
./testing/Mata/Tertutup/0377.jpg,./detect/Mata/Tertutup/0377.jpg,./testing/Mata/Tertutup/0377.jpg,0.24986221729573552,0.2672304808526276,0.25854634907418156,Tertutup,Tertutup
./testing/Mata/Tertutup/0378.jpg,./detect/Mata/Tertutup/0378.jpg,./testing/Mata/Tertutup/0378.jpg,0.2565246729358013,0.23854079198803946,0.24753273246192037,Tertutup,Tertutup
./testing/Mata/Tertutup/0379.jpg,./detect/Mata/Tertutup/0379.jpg,./testing/Mata/Tertutup/0379.jpg,0.34774132578351996,0.2518468538845691,0.29979408983404454,Tertutup,Terbuka
./testing/Mata/Tertutup/0380.jpg,./detect/Mata/Tertutup/0380.jpg,./testing/Mata/Tertutup/0380.jpg,0.1764045655289731,0.20888904962128152,0.1926468075751273,Tertutup,Tertutup
./testing/Mata/Tertutup/0381.jpg,./detect/Mata/Tertutup/0381.jpg,./testing/Mata/Tertutup/0381.jpg,0.17395119213665977,0.18166546628664898,0.17780832921165438,Tertutup,Tertutup
./testing/Mata/Tertutup/0382.jpg,./detect/Mata/Tertutup/0382.jpg,./testing/Mata/Tertutup/0382.jpg,0.19001639115654584,0.17343004707062393,0.18172321911358488,Tertutup,Tertutup
./testing/Mata/Tertutup/0383.jpg,./detect/Mata/Tertutup/0383.jpg,./testing/Mata/Tertutup/0383.jpg,0.19601912352205542,0.19085005931523044,0.19343459141864294,Tertutup,Tertutup
./testing/Mata/Tertutup/0384.jpg,./detect/Mata/Tertutup/0384.jpg,./testing/Mata/Tertutup/0384.jpg,0.2686566051974089,0.2669993105790451,0.267827957888227,Tertutup,Tertutup
./testing/Mata/Tertutup/0385.jpg,./detect/Mata/Tertutup/0385.jpg,./testing/Mata/Tertutup/0385.jpg,0.22899868925598138,0.21597482817210586,0.2224867587140436,Tertutup,Tertutup
./testing/Mata/Tertutup/0386.jpg,./detect/Mata/Tertutup/0386.jpg,./testing/Mata/Tertutup/0386.jpg,0.2848758660394115,0.3209548134602452,0.3029153397498283,Tertutup,Terbuka
./testing/Mata/Tertutup/0387.jpg,./detect/Mata/Tertutup/0387.jpg,./testing/Mata/Tertutup/0387.jpg,0.2681118130819375,0.3079354413639571,0.2880236272229473,Tertutup,Terbuka
./testing/Mata/Tertutup/0388.jpg,./detect/Mata/Tertutup/0388.jpg,./testing/Mata/Tertutup/0388.jpg,0.31086320146881546,0.3535658534772484,0.33221452747303193,Tertutup,Terbuka
./testing/Mata/Tertutup/0389.jpg,./detect/Mata/Tertutup/0389.jpg,./testing/Mata/Tertutup/0389.jpg,0.22673368999122365,0.2674539957248651,0.24709384285804437,Tertutup,Tertutup
./testing/Mata/Tertutup/0390.jpg,./detect/Mata/Tertutup/0390.jpg,./testing/Mata/Tertutup/0390.jpg,0.18887598740593697,0.18471015042173355,0.18679306891383526,Tertutup,Tertutup
./testing/Mata/Tertutup/0391.jpg,./detect/Mata/Tertutup/0391.jpg,./testing/Mata/Tertutup/0391.jpg,0.1478215250568136,0.1428543750854436,0.1453379500711286,Tertutup,Tertutup
./testing/Mata/Tertutup/0392.jpg,./detect/Mata/Tertutup/0392.jpg,./testing/Mata/Tertutup/0392.jpg,0.2495961106986265,0.22157135192886662,0.23558373131374655,Tertutup,Tertutup
./testing/Mata/Tertutup/0393.jpg,./detect/Mata/Tertutup/0393.jpg,./testing/Mata/Tertutup/0393.jpg,0.21285016721551275,0.21491819166725634,0.21388417944138455,Tertutup,Tertutup
./testing/Mata/Tertutup/0394.jpg,./detect/Mata/Tertutup/0394.jpg,./testing/Mata/Tertutup/0394.jpg,0.23622162343844577,0.18340443441666188,0.20981302892755382,Tertutup,Tertutup
./testing/Mata/Tertutup/0395.jpg,./detect/Mata/Tertutup/0395.jpg,./testing/Mata/Tertutup/0395.jpg,0.2629528426476567,0.23996709437427907,0.2514599685109679,Tertutup,Tertutup
./testing/Mata/Tertutup/0396.jpg,./detect/Mata/Tertutup/0396.jpg,./testing/Mata/Tertutup/0396.jpg,0.2567806840828572,0.3001033179039601,0.27844200099340866,Tertutup,Terbuka
./testing/Mata/Tertutup/0397.jpg,./detect/Mata/Tertutup/0397.jpg,./testing/Mata/Tertutup/0397.jpg,0.17599620888939774,0.18745498331677043,0.18172559610308409,Tertutup,Tertutup
./testing/Mata/Tertutup/0398.jpg,./detect/Mata/Tertutup/0398.jpg,./testing/Mata/Tertutup/0398.jpg,0.19440868445650963,0.1922211260635632,0.19331490526003642,Tertutup,Tertutup
./testing/Mata/Tertutup/0399.jpg,./detect/Mata/Tertutup/0399.jpg,./testing/Mata/Tertutup/0399.jpg,0.20866828742587382,0.18598508237250194,0.19732668489918787,Tertutup,Tertutup
./testing/Mata/Tertutup/0400.jpg,./detect/Mata/Tertutup/0400.jpg,./testing/Mata/Tertutup/0400.jpg,0.21087019962359238,0.18755128119391035,0.19921074040875136,Tertutup,Tertutup
./testing/Mata/Tertutup/0401.jpg,./detect/Mata/Tertutup/0401.jpg,./testing/Mata/Tertutup/0401.jpg,0.30456717834828606,0.23143554463040147,0.2680013614893438,Tertutup,Terbuka
./testing/Mata/Tertutup/0402.jpg,./detect/Mata/Tertutup/0402.jpg,./testing/Mata/Tertutup/0402.jpg,0.19911569514548189,0.1891400340964203,0.1941278646209511,Tertutup,Tertutup
./testing/Mata/Tertutup/0403.jpg,./detect/Mata/Tertutup/0403.jpg,./testing/Mata/Tertutup/0403.jpg,0.21031511512272302,0.19290257677022207,0.20160884594647255,Tertutup,Tertutup
./testing/Mata/Tertutup/0404.jpg,./detect/Mata/Tertutup/0404.jpg,./testing/Mata/Tertutup/0404.jpg,0.21983049607143157,0.21416994069509673,0.21700021838326417,Tertutup,Tertutup
./testing/Mata/Tertutup/0405.jpg,./detect/Mata/Tertutup/0405.jpg,./testing/Mata/Tertutup/0405.jpg,0.31516383807120346,0.25166400338164957,0.2834139207264265,Tertutup,Terbuka
./testing/Mata/Tertutup/0406.jpg,./detect/Mata/Tertutup/0406.jpg,./testing/Mata/Tertutup/0406.jpg,0.11095344450885064,0.12963990194348168,0.12029667322616616,Tertutup,Tertutup
./testing/Mata/Tertutup/0407.jpg,./detect/Mata/Tertutup/0407.jpg,./testing/Mata/Tertutup/0407.jpg,0.09945187437040713,0.10920863182044854,0.10433025309542784,Tertutup,Tertutup
./testing/Mata/Tertutup/0408.jpg,./detect/Mata/Tertutup/0408.jpg,./testing/Mata/Tertutup/0408.jpg,0.23382611096871578,0.20929851445943523,0.2215623127140755,Tertutup,Tertutup
./testing/Mata/Tertutup/0409.jpg,./detect/Mata/Tertutup/0409.jpg,./testing/Mata/Tertutup/0409.jpg,0.20823757419391042,0.1722884746819781,0.19026302443794427,Tertutup,Tertutup
./testing/Mata/Tertutup/0410.jpg,./detect/Mata/Tertutup/0410.jpg,./testing/Mata/Tertutup/0410.jpg,0.2933750125870112,0.2771091092252053,0.28524206090610826,Tertutup,Terbuka
./testing/Mata/Tertutup/0411.jpg,./detect/Mata/Tertutup/0411.jpg,./testing/Mata/Tertutup/0411.jpg,0.2312933123716581,0.2756231889359317,0.2534582506537949,Tertutup,Tertutup
./testing/Mata/Tertutup/0412.jpg,./detect/Mata/Tertutup/0412.jpg,./testing/Mata/Tertutup/0412.jpg,0.22366231961365268,0.26176556022953973,0.2427139399215962,Tertutup,Tertutup
./testing/Mata/Tertutup/0413.jpg,./detect/Mata/Tertutup/0413.jpg,./testing/Mata/Tertutup/0413.jpg,0.2241403207150767,0.2132959406534337,0.21871813068425522,Tertutup,Tertutup
./testing/Mata/Tertutup/0414.jpg,./detect/Mata/Tertutup/0414.jpg,./testing/Mata/Tertutup/0414.jpg,0.22976668889392396,0.22840471066319695,0.22908569977856047,Tertutup,Tertutup
./testing/Mata/Tertutup/0415.jpg,./detect/Mata/Tertutup/0415.jpg,./testing/Mata/Tertutup/0415.jpg,0.2198161179264134,0.21494706368877373,0.21738159080759356,Tertutup,Tertutup
./testing/Mata/Tertutup/0416.jpg,./detect/Mata/Tertutup/0416.jpg,./testing/Mata/Tertutup/0416.jpg,0.15350107368696825,0.15533373642658496,0.1544174050567766,Tertutup,Tertutup
./testing/Mata/Tertutup/0417.jpg,./detect/Mata/Tertutup/0417.jpg,./testing/Mata/Tertutup/0417.jpg,0.18871849246239691,0.18441027360675452,0.18656438303457573,Tertutup,Tertutup
./testing/Mata/Tertutup/0418.jpg,./detect/Mata/Tertutup/0418.jpg,./testing/Mata/Tertutup/0418.jpg,0.2096181611997292,0.18760874940952202,0.1986134553046256,Tertutup,Tertutup
./testing/Mata/Tertutup/0419.jpg,./detect/Mata/Tertutup/0419.jpg,./testing/Mata/Tertutup/0419.jpg,0.1794530958087272,0.16877336315477853,0.17411322948175287,Tertutup,Tertutup
./testing/Mata/Tertutup/0420.jpg,./detect/Mata/Tertutup/0420.jpg,./testing/Mata/Tertutup/0420.jpg,0.22021221152212384,0.21904965595280507,0.21963093373746445,Tertutup,Tertutup
./testing/Mata/Tertutup/0421.jpg,./detect/Mata/Tertutup/0421.jpg,./testing/Mata/Tertutup/0421.jpg,0.3041783638524289,0.2586873006321646,0.28143283224229676,Tertutup,Terbuka
./testing/Mata/Tertutup/0422.jpg,./detect/Mata/Tertutup/0422.jpg,./testing/Mata/Tertutup/0422.jpg,0.2790089238277263,0.257905512998095,0.26845721841291065,Tertutup,Tertutup
./testing/Mata/Tertutup/0423.jpg,./detect/Mata/Tertutup/0423.jpg,./testing/Mata/Tertutup/0423.jpg,0.23219587728105762,0.24137678707022317,0.23678633217564038,Tertutup,Tertutup
./testing/Mata/Tertutup/0424.jpg,./detect/Mata/Tertutup/0424.jpg,./testing/Mata/Tertutup/0424.jpg,0.1404746845842109,0.14165226029355985,0.14106347243888537,Tertutup,Tertutup
./testing/Mata/Tertutup/0425.jpg,./detect/Mata/Tertutup/0425.jpg,./testing/Mata/Tertutup/0425.jpg,0.1910818849381603,0.17782995428298187,0.1844559196105711,Tertutup,Tertutup
./testing/Mata/Tertutup/0426.jpg,./detect/Mata/Tertutup/0426.jpg,./testing/Mata/Tertutup/0426.jpg,0.191414387024971,0.18218973541293595,0.18680206121895349,Tertutup,Tertutup
./testing/Mata/Tertutup/0427.jpg,./detect/Mata/Tertutup/0427.jpg,./testing/Mata/Tertutup/0427.jpg,0.15517336386362704,0.15262425219224532,0.15389880802793618,Tertutup,Tertutup
./testing/Mata/Tertutup/0428.jpg,./detect/Mata/Tertutup/0428.jpg,./testing/Mata/Tertutup/0428.jpg,0.245961946932681,0.19385651629562356,0.21990923161415227,Tertutup,Tertutup
./testing/Mata/Tertutup/0429.jpg,./detect/Mata/Tertutup/0429.jpg,./testing/Mata/Tertutup/0429.jpg,0.21933203427341177,0.1897031784320028,0.20451760635270727,Tertutup,Tertutup
./testing/Mata/Tertutup/0430.jpg,./detect/Mata/Tertutup/0430.jpg,./testing/Mata/Tertutup/0430.jpg,0.3034438808073711,0.30443188619155753,0.3039378834994643,Tertutup,Terbuka
./testing/Mata/Tertutup/0431.jpg,./detect/Mata/Tertutup/0431.jpg,./testing/Mata/Tertutup/0431.jpg,0.25770396671238716,0.2401503483627196,0.24892715753755337,Tertutup,Tertutup
./testing/Mata/Tertutup/0432.jpg,./detect/Mata/Tertutup/0432.jpg,./testing/Mata/Tertutup/0432.jpg,0.25062503368577793,0.2372519661489832,0.24393849991738056,Tertutup,Tertutup
./testing/Mata/Tertutup/0433.jpg,./detect/Mata/Tertutup/0433.jpg,./testing/Mata/Tertutup/0433.jpg,0.234962626147266,0.24171311018770603,0.23833786816748603,Tertutup,Tertutup
./testing/Mata/Tertutup/0434.jpg,./detect/Mata/Tertutup/0434.jpg,./testing/Mata/Tertutup/0434.jpg,0.25445600015170183,0.23468279126486283,0.24456939570828234,Tertutup,Tertutup
./testing/Mata/Tertutup/0435.jpg,./detect/Mata/Tertutup/0435.jpg,./testing/Mata/Tertutup/0435.jpg,0.2600299795393967,0.2088878353545672,0.23445890744698195,Tertutup,Tertutup
./testing/Mata/Tertutup/0436.jpg,./detect/Mata/Tertutup/0436.jpg,./testing/Mata/Tertutup/0436.jpg,0.19960652045961377,0.22986105104155038,0.21473378575058208,Tertutup,Tertutup
./testing/Mata/Tertutup/0437.jpg,./detect/Mata/Tertutup/0437.jpg,./testing/Mata/Tertutup/0437.jpg,0.18213240291275049,0.17715955276346124,0.17964597783810587,Tertutup,Tertutup
./testing/Mata/Tertutup/0438.jpg,./detect/Mata/Tertutup/0438.jpg,./testing/Mata/Tertutup/0438.jpg,0.2022610247854977,0.2144563361603652,0.20835868047293143,Tertutup,Tertutup
./testing/Mata/Tertutup/0439.jpg,./detect/Mata/Tertutup/0439.jpg,./testing/Mata/Tertutup/0439.jpg,0.23471498040604857,0.21833813502021063,0.2265265577131296,Tertutup,Tertutup
./testing/Mata/Tertutup/0440.jpg,./detect/Mata/Tertutup/0440.jpg,./testing/Mata/Tertutup/0440.jpg,0.16786011661123357,0.18792019937093268,0.17789015799108313,Tertutup,Tertutup
./testing/Mata/Tertutup/0441.jpg,./detect/Mata/Tertutup/0441.jpg,./testing/Mata/Tertutup/0441.jpg,0.30651104579773564,0.24226760802202033,0.274389326909878,Tertutup,Terbuka
./testing/Mata/Tertutup/0442.jpg,./detect/Mata/Tertutup/0442.jpg,./testing/Mata/Tertutup/0442.jpg,0.24511139343824903,0.19280094200843648,0.21895616772334275,Tertutup,Tertutup
./testing/Mata/Tertutup/0443.jpg,./detect/Mata/Tertutup/0443.jpg,./testing/Mata/Tertutup/0443.jpg,0.1979716687110478,0.21688103451098195,0.20742635161101486,Tertutup,Tertutup
./testing/Mata/Tertutup/0444.jpg,./detect/Mata/Tertutup/0444.jpg,./testing/Mata/Tertutup/0444.jpg,0.22584916520502055,0.21748014038524519,0.22166465279513287,Tertutup,Tertutup
./testing/Mata/Tertutup/0445.jpg,./detect/Mata/Tertutup/0445.jpg,./testing/Mata/Tertutup/0445.jpg,0.2163123844996621,0.2431731379400539,0.229742761219858,Tertutup,Tertutup
./testing/Mata/Tertutup/0446.jpg,./detect/Mata/Tertutup/0446.jpg,./testing/Mata/Tertutup/0446.jpg,0.2649827313943734,0.27127594612344164,0.26812933875890754,Tertutup,Tertutup
./testing/Mata/Tertutup/0447.jpg,./detect/Mata/Tertutup/0447.jpg,./testing/Mata/Tertutup/0447.jpg,0.22421529733393053,0.18205645542255203,0.20313587637824126,Tertutup,Tertutup
./testing/Mata/Tertutup/0448.jpg,./detect/Mata/Tertutup/0448.jpg,./testing/Mata/Tertutup/0448.jpg,0.22850359035252293,0.1862919205866092,0.20739775546956607,Tertutup,Tertutup
./testing/Mata/Tertutup/0449.jpg,./detect/Mata/Tertutup/0449.jpg,./testing/Mata/Tertutup/0449.jpg,0.22245558357828657,0.23560727223325012,0.22903142790576836,Tertutup,Tertutup
./testing/Mata/Tertutup/0450.jpg,./detect/Mata/Tertutup/0450.jpg,./testing/Mata/Tertutup/0450.jpg,0.17303718713699784,0.18090698909248298,0.1769720881147404,Tertutup,Tertutup
./testing/Mata/Tertutup/0451.jpg,./detect/Mata/Tertutup/0451.jpg,./testing/Mata/Tertutup/0451.jpg,0.1504683371447101,0.15504287572006245,0.15275560643238628,Tertutup,Tertutup
./testing/Mata/Tertutup/0452.jpg,./detect/Mata/Tertutup/0452.jpg,./testing/Mata/Tertutup/0452.jpg,0.24237167670273765,0.24009105231545141,0.24123136450909455,Tertutup,Tertutup
./testing/Mata/Tertutup/0453.jpg,./detect/Mata/Tertutup/0453.jpg,./testing/Mata/Tertutup/0453.jpg,0.23524204162105428,0.24284892055676346,0.23904548108890888,Tertutup,Tertutup
./testing/Mata/Tertutup/0454.jpg,./detect/Mata/Tertutup/0454.jpg,./testing/Mata/Tertutup/0454.jpg,0.264449143677019,0.26216587452542695,0.26330750910122297,Tertutup,Tertutup
./testing/Mata/Tertutup/0455.jpg,./detect/Mata/Tertutup/0455.jpg,./testing/Mata/Tertutup/0455.jpg,0.23207493187814612,0.19894604022555146,0.2155104860518488,Tertutup,Tertutup
./testing/Mata/Tertutup/0456.jpg,./detect/Mata/Tertutup/0456.jpg,./testing/Mata/Tertutup/0456.jpg,0.20849365480866366,0.20603961116159744,0.20726663298513054,Tertutup,Tertutup
./testing/Mata/Tertutup/0457.jpg,./detect/Mata/Tertutup/0457.jpg,./testing/Mata/Tertutup/0457.jpg,0.2642653715909325,0.2322159255239859,0.2482406485574592,Tertutup,Tertutup
./testing/Mata/Tertutup/0458.jpg,./detect/Mata/Tertutup/0458.jpg,./testing/Mata/Tertutup/0458.jpg,0.1947620347211391,0.1792078102382026,0.18698492247967086,Tertutup,Tertutup
,,,,,,,
./testing/Mata/Tertutup/0460.jpg,./detect/Mata/Tertutup/0460.jpg,./testing/Mata/Tertutup/0460.jpg,0.20418758061905914,0.21435513203733567,0.2092713563281974,Tertutup,Tertutup
./testing/Mata/Tertutup/0461.jpg,./detect/Mata/Tertutup/0461.jpg,./testing/Mata/Tertutup/0461.jpg,0.2158762440912755,0.23111313527825983,0.22349468968476766,Tertutup,Tertutup
./testing/Mata/Tertutup/0462.jpg,./detect/Mata/Tertutup/0462.jpg,./testing/Mata/Tertutup/0462.jpg,0.25426866926767167,0.1825131103197148,0.21839088979369323,Tertutup,Tertutup
./testing/Mata/Tertutup/0463.jpg,./detect/Mata/Tertutup/0463.jpg,./testing/Mata/Tertutup/0463.jpg,0.2296014501294647,0.22336657343423033,0.22648401178184752,Tertutup,Tertutup
./testing/Mata/Tertutup/0464.jpg,./detect/Mata/Tertutup/0464.jpg,./testing/Mata/Tertutup/0464.jpg,0.22221860639413277,0.247278926636903,0.2347487665155179,Tertutup,Tertutup
./testing/Mata/Tertutup/0465.jpg,./detect/Mata/Tertutup/0465.jpg,./testing/Mata/Tertutup/0465.jpg,0.22405818767569258,0.19470602250744048,0.20938210509156652,Tertutup,Tertutup
./testing/Mata/Tertutup/0466.jpg,./detect/Mata/Tertutup/0466.jpg,./testing/Mata/Tertutup/0466.jpg,0.19865702481305436,0.195451304580451,0.1970541646967527,Tertutup,Tertutup
./testing/Mata/Tertutup/0467.jpg,./detect/Mata/Tertutup/0467.jpg,./testing/Mata/Tertutup/0467.jpg,0.3039491457181727,0.33677824932184475,0.3203636975200087,Tertutup,Terbuka
./testing/Mata/Tertutup/0468.jpg,./detect/Mata/Tertutup/0468.jpg,./testing/Mata/Tertutup/0468.jpg,0.18591628479300454,0.198900033622691,0.19240815920784776,Tertutup,Tertutup
./testing/Mata/Tertutup/0469.jpg,./detect/Mata/Tertutup/0469.jpg,./testing/Mata/Tertutup/0469.jpg,0.28428463764640904,0.26416473198386425,0.2742246848151366,Tertutup,Tertutup
./testing/Mata/Tertutup/0470.jpg,./detect/Mata/Tertutup/0470.jpg,./testing/Mata/Tertutup/0470.jpg,0.2525788435811386,0.2169483198126508,0.2347635816968947,Tertutup,Tertutup
./testing/Mata/Tertutup/0471.jpg,./detect/Mata/Tertutup/0471.jpg,./testing/Mata/Tertutup/0471.jpg,0.21712615118819395,0.23890148694617117,0.22801381906718254,Tertutup,Tertutup
./testing/Mata/Tertutup/0472.jpg,./detect/Mata/Tertutup/0472.jpg,./testing/Mata/Tertutup/0472.jpg,0.2252602034211547,0.196264218021262,0.21076221072120835,Tertutup,Tertutup
./testing/Mata/Tertutup/0473.jpg,./detect/Mata/Tertutup/0473.jpg,./testing/Mata/Tertutup/0473.jpg,0.18702670673457764,0.1687877972146809,0.17790725197462925,Tertutup,Tertutup
./testing/Mata/Tertutup/0474.jpg,./detect/Mata/Tertutup/0474.jpg,./testing/Mata/Tertutup/0474.jpg,0.17937374052036317,0.17978520914195825,0.1795794748311607,Tertutup,Tertutup
./testing/Mata/Tertutup/0475.jpg,./detect/Mata/Tertutup/0475.jpg,./testing/Mata/Tertutup/0475.jpg,0.20801082145975744,0.2059862325159823,0.20699852698786986,Tertutup,Tertutup
./testing/Mata/Tertutup/0476.jpg,./detect/Mata/Tertutup/0476.jpg,./testing/Mata/Tertutup/0476.jpg,0.22927852385850506,0.2308112078404824,0.23004486584949374,Tertutup,Tertutup
./testing/Mata/Tertutup/0477.jpg,./detect/Mata/Tertutup/0477.jpg,./testing/Mata/Tertutup/0477.jpg,0.2179535502385178,0.2289776683169515,0.22346560927773465,Tertutup,Tertutup
./testing/Mata/Tertutup/0478.jpg,./detect/Mata/Tertutup/0478.jpg,./testing/Mata/Tertutup/0478.jpg,0.17597733448458175,0.176660983643592,0.17631915906408688,Tertutup,Tertutup
./testing/Mata/Tertutup/0479.jpg,./detect/Mata/Tertutup/0479.jpg,./testing/Mata/Tertutup/0479.jpg,0.14878001067125574,0.1653866226106479,0.15708331664095182,Tertutup,Tertutup
./testing/Mata/Tertutup/0480.jpg,./detect/Mata/Tertutup/0480.jpg,./testing/Mata/Tertutup/0480.jpg,0.13710552931552125,0.13269558291585634,0.1349005561156888,Tertutup,Tertutup
./testing/Mata/Tertutup/0481.jpg,./detect/Mata/Tertutup/0481.jpg,./testing/Mata/Tertutup/0481.jpg,0.2081551359837676,0.20585951149361528,0.20700732373869143,Tertutup,Tertutup
./testing/Mata/Tertutup/0482.jpg,./detect/Mata/Tertutup/0482.jpg,./testing/Mata/Tertutup/0482.jpg,0.19021820415423277,0.18458439638406568,0.18740130026914922,Tertutup,Tertutup
./testing/Mata/Tertutup/0483.jpg,./detect/Mata/Tertutup/0483.jpg,./testing/Mata/Tertutup/0483.jpg,0.29125034273612715,0.21651537261651232,0.25388285767631974,Tertutup,Terbuka
./testing/Mata/Tertutup/0484.jpg,./detect/Mata/Tertutup/0484.jpg,./testing/Mata/Tertutup/0484.jpg,0.28177366442355495,0.2207887187206039,0.2512811915720794,Tertutup,Tertutup
./testing/Mata/Tertutup/0485.jpg,./detect/Mata/Tertutup/0485.jpg,./testing/Mata/Tertutup/0485.jpg,0.25569379775937123,0.25359058950297514,0.2546421936311732,Tertutup,Tertutup
./testing/Mata/Tertutup/0486.jpg,./detect/Mata/Tertutup/0486.jpg,./testing/Mata/Tertutup/0486.jpg,0.2626258277949764,0.2787426334418086,0.27068423061839253,Tertutup,Tertutup
./testing/Mata/Tertutup/0487.jpg,./detect/Mata/Tertutup/0487.jpg,./testing/Mata/Tertutup/0487.jpg,0.2420394611083293,0.20165094124105976,0.22184520117469453,Tertutup,Tertutup
./testing/Mata/Tertutup/0488.jpg,./detect/Mata/Tertutup/0488.jpg,./testing/Mata/Tertutup/0488.jpg,0.25574143952210626,0.3293205817989129,0.29253101066050957,Tertutup,Terbuka
,,,,,,,
./testing/Mata/Tertutup/0490.jpg,./detect/Mata/Tertutup/0490.jpg,./testing/Mata/Tertutup/0490.jpg,0.24854888894680685,0.20512380431924254,0.2268363466330247,Tertutup,Tertutup
./testing/Mata/Tertutup/0491.jpg,./detect/Mata/Tertutup/0491.jpg,./testing/Mata/Tertutup/0491.jpg,0.2270397266337586,0.19304407822677627,0.21004190243026744,Tertutup,Tertutup
./testing/Mata/Tertutup/0492.jpg,./detect/Mata/Tertutup/0492.jpg,./testing/Mata/Tertutup/0492.jpg,0.261290611484976,0.30421395422965525,0.28275228285731563,Tertutup,Terbuka
./testing/Mata/Tertutup/0493.jpg,./detect/Mata/Tertutup/0493.jpg,./testing/Mata/Tertutup/0493.jpg,0.27373422230908134,0.31201579544044783,0.2928750088747646,Tertutup,Terbuka
./testing/Mata/Tertutup/0494.jpg,./detect/Mata/Tertutup/0494.jpg,./testing/Mata/Tertutup/0494.jpg,0.17527678993539697,0.18669025484840693,0.18098352239190196,Tertutup,Tertutup
./testing/Mata/Tertutup/0495.jpg,./detect/Mata/Tertutup/0495.jpg,./testing/Mata/Tertutup/0495.jpg,0.20395987126318502,0.19707605962513314,0.20051796544415906,Tertutup,Tertutup
./testing/Mata/Tertutup/0496.jpg,./detect/Mata/Tertutup/0496.jpg,./testing/Mata/Tertutup/0496.jpg,0.1951049832926934,0.18009223490999762,0.18759860910134551,Tertutup,Tertutup
./testing/Mata/Tertutup/0497.jpg,./detect/Mata/Tertutup/0497.jpg,./testing/Mata/Tertutup/0497.jpg,0.20524563649447303,0.21035667216201037,0.2078011543282417,Tertutup,Tertutup
./testing/Mata/Tertutup/0498.jpg,./detect/Mata/Tertutup/0498.jpg,./testing/Mata/Tertutup/0498.jpg,0.2312753060149297,0.2514881330416076,0.24138171952826865,Tertutup,Tertutup
./testing/Mata/Tertutup/0499.jpg,./detect/Mata/Tertutup/0499.jpg,./testing/Mata/Tertutup/0499.jpg,0.25430676684630854,0.2021527697801081,0.22822976831320832,Tertutup,Tertutup
./testing/Mata/Tertutup/0500.jpg,./detect/Mata/Tertutup/0500.jpg,./testing/Mata/Tertutup/0500.jpg,0.27937412639063763,0.24320249096504395,0.2612883086778408,Tertutup,Tertutup
./testing/Mata/Tertutup/0501.jpg,./detect/Mata/Tertutup/0501.jpg,./testing/Mata/Tertutup/0501.jpg,0.2541152152323266,0.24028543416544224,0.24720032469888442,Tertutup,Tertutup
./testing/Mata/Tertutup/0502.jpg,./detect/Mata/Tertutup/0502.jpg,./testing/Mata/Tertutup/0502.jpg,0.20364410658076795,0.1956849342676517,0.19966452042420985,Tertutup,Tertutup
./testing/Mata/Tertutup/0503.jpg,./detect/Mata/Tertutup/0503.jpg,./testing/Mata/Tertutup/0503.jpg,0.1704051181913666,0.2085684964314201,0.18948680731139333,Tertutup,Tertutup
./testing/Mata/Tertutup/0504.jpg,./detect/Mata/Tertutup/0504.jpg,./testing/Mata/Tertutup/0504.jpg,0.20474959096690423,0.18574143449339017,0.1952455127301472,Tertutup,Tertutup
./testing/Mata/Tertutup/0505.jpg,./detect/Mata/Tertutup/0505.jpg,./testing/Mata/Tertutup/0505.jpg,0.18228687107435285,0.1708766378705393,0.17658175447244606,Tertutup,Tertutup
./testing/Mata/Tertutup/0506.jpg,./detect/Mata/Tertutup/0506.jpg,./testing/Mata/Tertutup/0506.jpg,0.2639654848850925,0.23169420176954267,0.2478298433273176,Tertutup,Tertutup
./testing/Mata/Tertutup/0507.jpg,./detect/Mata/Tertutup/0507.jpg,./testing/Mata/Tertutup/0507.jpg,0.2206299403198582,0.22728888379498052,0.22395941205741937,Tertutup,Tertutup
./testing/Mata/Tertutup/0508.jpg,./detect/Mata/Tertutup/0508.jpg,./testing/Mata/Tertutup/0508.jpg,0.1946928624315094,0.21839317242774756,0.2065430174296285,Tertutup,Tertutup
./testing/Mata/Tertutup/0509.jpg,./detect/Mata/Tertutup/0509.jpg,./testing/Mata/Tertutup/0509.jpg,0.1785786024986298,0.2076487164086694,0.1931136594536496,Tertutup,Tertutup
./testing/Mata/Tertutup/0510.jpg,./detect/Mata/Tertutup/0510.jpg,./testing/Mata/Tertutup/0510.jpg,0.19480406979825823,0.26640980751804716,0.23060693865815268,Tertutup,Tertutup
./testing/Mata/Tertutup/0511.jpg,./detect/Mata/Tertutup/0511.jpg,./testing/Mata/Tertutup/0511.jpg,0.2036438760504497,0.1781768595087714,0.19091036777961057,Tertutup,Tertutup
./testing/Mata/Tertutup/0512.jpg,./detect/Mata/Tertutup/0512.jpg,./testing/Mata/Tertutup/0512.jpg,0.19619208606214233,0.18881618456062843,0.19250413531138538,Tertutup,Tertutup
./testing/Mata/Tertutup/0513.jpg,./detect/Mata/Tertutup/0513.jpg,./testing/Mata/Tertutup/0513.jpg,0.2755403416087737,0.283534762414793,0.2795375520117833,Tertutup,Tertutup
./testing/Mata/Tertutup/0514.jpg,./detect/Mata/Tertutup/0514.jpg,./testing/Mata/Tertutup/0514.jpg,0.3062245191240095,0.30453056024729447,0.30537753968565196,Tertutup,Terbuka
./testing/Mata/Tertutup/0515.jpg,./detect/Mata/Tertutup/0515.jpg,./testing/Mata/Tertutup/0515.jpg,0.18296517761690106,0.1901798087176189,0.18657249316726,Tertutup,Tertutup
./testing/Mata/Tertutup/0516.jpg,./detect/Mata/Tertutup/0516.jpg,./testing/Mata/Tertutup/0516.jpg,0.18994606363017708,0.2243168564329893,0.20713146003158317,Tertutup,Tertutup
./testing/Mata/Tertutup/0517.jpg,./detect/Mata/Tertutup/0517.jpg,./testing/Mata/Tertutup/0517.jpg,0.15493938598681,0.17770718449485326,0.16632328524083162,Tertutup,Tertutup
./testing/Mata/Tertutup/0518.jpg,./detect/Mata/Tertutup/0518.jpg,./testing/Mata/Tertutup/0518.jpg,0.1929974176993741,0.2177504160996142,0.20537391689949414,Tertutup,Tertutup
./testing/Mata/Tertutup/0519.jpg,./detect/Mata/Tertutup/0519.jpg,./testing/Mata/Tertutup/0519.jpg,0.1859723884871652,0.20716342018131506,0.19656790433424015,Tertutup,Tertutup
./testing/Mata/Tertutup/0520.jpg,./detect/Mata/Tertutup/0520.jpg,./testing/Mata/Tertutup/0520.jpg,0.16661896908023852,0.16826670754049383,0.16744283831036616,Tertutup,Tertutup
./testing/Mata/Tertutup/0521.jpg,./detect/Mata/Tertutup/0521.jpg,./testing/Mata/Tertutup/0521.jpg,0.18257176179530168,0.19842529173714699,0.19049852676622434,Tertutup,Tertutup
./testing/Mata/Tertutup/0522.jpg,./detect/Mata/Tertutup/0522.jpg,./testing/Mata/Tertutup/0522.jpg,0.20416639570024483,0.2173749028873426,0.21077064929379372,Tertutup,Tertutup
./testing/Mata/Tertutup/0523.jpg,./detect/Mata/Tertutup/0523.jpg,./testing/Mata/Tertutup/0523.jpg,0.27730578822305824,0.2367908248859431,0.25704830655450067,Tertutup,Tertutup
./testing/Mata/Tertutup/0524.jpg,./detect/Mata/Tertutup/0524.jpg,./testing/Mata/Tertutup/0524.jpg,0.16512619662725472,0.16671632422877733,0.16592126042801603,Tertutup,Tertutup
./testing/Mata/Tertutup/0525.jpg,./detect/Mata/Tertutup/0525.jpg,./testing/Mata/Tertutup/0525.jpg,0.3345188478874639,0.27084541563275066,0.3026821317601073,Tertutup,Terbuka
./testing/Mata/Tertutup/0526.jpg,./detect/Mata/Tertutup/0526.jpg,./testing/Mata/Tertutup/0526.jpg,0.18916490134550318,0.18715428893852434,0.18815959514201375,Tertutup,Tertutup
./testing/Mata/Tertutup/0527.jpg,./detect/Mata/Tertutup/0527.jpg,./testing/Mata/Tertutup/0527.jpg,0.2704781306667844,0.27416888569230224,0.2723235081795433,Tertutup,Tertutup
./testing/Mata/Tertutup/0528.jpg,./detect/Mata/Tertutup/0528.jpg,./testing/Mata/Tertutup/0528.jpg,0.19269945597386595,0.20156329487143718,0.19713137542265158,Tertutup,Tertutup
./testing/Mata/Tertutup/0529.jpg,./detect/Mata/Tertutup/0529.jpg,./testing/Mata/Tertutup/0529.jpg,0.21395668797026343,0.24144002950183777,0.2276983587360506,Tertutup,Tertutup
./testing/Mata/Tertutup/0530.jpg,./detect/Mata/Tertutup/0530.jpg,./testing/Mata/Tertutup/0530.jpg,0.2151783533514116,0.2237021530495112,0.2194402532004614,Tertutup,Tertutup
./testing/Mata/Tertutup/0531.jpg,./detect/Mata/Tertutup/0531.jpg,./testing/Mata/Tertutup/0531.jpg,0.28260998212957295,0.26692763864535096,0.2747688103874619,Tertutup,Tertutup
./testing/Mata/Tertutup/0532.jpg,./detect/Mata/Tertutup/0532.jpg,./testing/Mata/Tertutup/0532.jpg,0.1945200961496566,0.20617953690356725,0.20034981652661193,Tertutup,Tertutup
./testing/Mata/Tertutup/0533.jpg,./detect/Mata/Tertutup/0533.jpg,./testing/Mata/Tertutup/0533.jpg,0.16872230460656681,0.1781555738643242,0.1734389392354455,Tertutup,Tertutup
./testing/Mata/Tertutup/0534.jpg,./detect/Mata/Tertutup/0534.jpg,./testing/Mata/Tertutup/0534.jpg,0.3131125472122847,0.30020502639889973,0.3066587868055922,Tertutup,Terbuka
./testing/Mata/Tertutup/0535.jpg,./detect/Mata/Tertutup/0535.jpg,./testing/Mata/Tertutup/0535.jpg,0.2512566393854518,0.24788033178808727,0.24956848558676953,Tertutup,Tertutup
./testing/Mata/Tertutup/0536.jpg,./detect/Mata/Tertutup/0536.jpg,./testing/Mata/Tertutup/0536.jpg,0.26867826018390323,0.26747302288367,0.2680756415337866,Tertutup,Tertutup
./testing/Mata/Tertutup/0537.jpg,./detect/Mata/Tertutup/0537.jpg,./testing/Mata/Tertutup/0537.jpg,0.2781726881545981,0.2727637699034601,0.2754682290290291,Tertutup,Tertutup
./testing/Mata/Tertutup/0538.jpg,./detect/Mata/Tertutup/0538.jpg,./testing/Mata/Tertutup/0538.jpg,0.16876085827350737,0.16774036027407102,0.1682506092737892,Tertutup,Tertutup
./testing/Mata/Tertutup/0539.jpg,./detect/Mata/Tertutup/0539.jpg,./testing/Mata/Tertutup/0539.jpg,0.2640467015226043,0.2613938254497736,0.26272026348618893,Tertutup,Tertutup
./testing/Mata/Tertutup/0540.jpg,./detect/Mata/Tertutup/0540.jpg,./testing/Mata/Tertutup/0540.jpg,0.2360449292954852,0.2290684259070349,0.23255667760126006,Tertutup,Tertutup
./testing/Mata/Tertutup/0541.jpg,./detect/Mata/Tertutup/0541.jpg,./testing/Mata/Tertutup/0541.jpg,0.26304912855240675,0.2495879166269023,0.25631852258965454,Tertutup,Tertutup
./testing/Mata/Tertutup/0542.jpg,./detect/Mata/Tertutup/0542.jpg,./testing/Mata/Tertutup/0542.jpg,0.20590258213058846,0.2070963422654346,0.20649946219801152,Tertutup,Tertutup
./testing/Mata/Tertutup/0543.jpg,./detect/Mata/Tertutup/0543.jpg,./testing/Mata/Tertutup/0543.jpg,0.1597122971435311,0.16358326810014562,0.16164778262183838,Tertutup,Tertutup
./testing/Mata/Tertutup/0544.jpg,./detect/Mata/Tertutup/0544.jpg,./testing/Mata/Tertutup/0544.jpg,0.14825165338604163,0.18049670930611558,0.16437418134607862,Tertutup,Tertutup
./testing/Mata/Tertutup/0545.jpg,./detect/Mata/Tertutup/0545.jpg,./testing/Mata/Tertutup/0545.jpg,0.1449353516154189,0.1694864047276044,0.15721087817151164,Tertutup,Tertutup
./testing/Mata/Tertutup/0546.jpg,./detect/Mata/Tertutup/0546.jpg,./testing/Mata/Tertutup/0546.jpg,0.2789799730522792,0.2330292174981859,0.25600459527523256,Tertutup,Tertutup
./testing/Mata/Tertutup/0547.jpg,./detect/Mata/Tertutup/0547.jpg,./testing/Mata/Tertutup/0547.jpg,0.2782032875963249,0.2581265036775161,0.2681648956369205,Tertutup,Tertutup
./testing/Mata/Tertutup/0548.jpg,./detect/Mata/Tertutup/0548.jpg,./testing/Mata/Tertutup/0548.jpg,0.22685570233947105,0.26033434805985717,0.2435950251996641,Tertutup,Tertutup
./testing/Mata/Tertutup/0549.jpg,./detect/Mata/Tertutup/0549.jpg,./testing/Mata/Tertutup/0549.jpg,0.2704538393649472,0.27270907317827914,0.2715814562716132,Tertutup,Tertutup
./testing/Mata/Tertutup/0550.jpg,./detect/Mata/Tertutup/0550.jpg,./testing/Mata/Tertutup/0550.jpg,0.22634807807278703,0.2306852660692295,0.2285166720710083,Tertutup,Tertutup
./testing/Mata/Tertutup/0551.jpg,./detect/Mata/Tertutup/0551.jpg,./testing/Mata/Tertutup/0551.jpg,0.23520562877620343,0.23116543238128875,0.23318553057874608,Tertutup,Tertutup
./testing/Mata/Tertutup/0552.jpg,./detect/Mata/Tertutup/0552.jpg,./testing/Mata/Tertutup/0552.jpg,0.17937192091363788,0.17219150395160432,0.17578171243262108,Tertutup,Tertutup
./testing/Mata/Tertutup/0553.jpg,./detect/Mata/Tertutup/0553.jpg,./testing/Mata/Tertutup/0553.jpg,0.2812056049856723,0.31306981083022384,0.2971377079079481,Tertutup,Terbuka
./testing/Mata/Tertutup/0554.jpg,./detect/Mata/Tertutup/0554.jpg,./testing/Mata/Tertutup/0554.jpg,0.22915307137570298,0.2384073318010438,0.23378020158837337,Tertutup,Tertutup
./testing/Mata/Tertutup/0555.jpg,./detect/Mata/Tertutup/0555.jpg,./testing/Mata/Tertutup/0555.jpg,0.21494159878151878,0.2896812113895216,0.2523114050855202,Tertutup,Tertutup
./testing/Mata/Tertutup/0556.jpg,./detect/Mata/Tertutup/0556.jpg,./testing/Mata/Tertutup/0556.jpg,0.16109604778847106,0.15789753801346512,0.15949679290096808,Tertutup,Tertutup
./testing/Mata/Tertutup/0557.jpg,./detect/Mata/Tertutup/0557.jpg,./testing/Mata/Tertutup/0557.jpg,0.16522908259896535,0.16079841182074064,0.163013747209853,Tertutup,Tertutup
./testing/Mata/Tertutup/0558.jpg,./detect/Mata/Tertutup/0558.jpg,./testing/Mata/Tertutup/0558.jpg,0.21584413486205492,0.17990160245614856,0.19787286865910175,Tertutup,Tertutup
./testing/Mata/Tertutup/0559.jpg,./detect/Mata/Tertutup/0559.jpg,./testing/Mata/Tertutup/0559.jpg,0.18664406230837569,0.15082192389777058,0.16873299310307313,Tertutup,Tertutup
./testing/Mata/Tertutup/0560.jpg,./detect/Mata/Tertutup/0560.jpg,./testing/Mata/Tertutup/0560.jpg,0.21454775652106886,0.19759580292176573,0.2060717797214173,Tertutup,Tertutup
./testing/Mata/Tertutup/0561.jpg,./detect/Mata/Tertutup/0561.jpg,./testing/Mata/Tertutup/0561.jpg,0.2758707316346105,0.2625469198735405,0.2692088257540755,Tertutup,Tertutup
